Date,Campagne,Impressions,Clics,Conversions,Co√ªt,Inutile
2024-01-01 00:00:00,Email Marketing,26508.0,1417.0,27.0,294.2435289880328,B
2024-01-01 01:00:00,TikTok Ads,26969.0,871.0,114.0,263.18220876087116,B
2024-01-01 02:00:00,Facebook Ads,42545.0,504.0,107.0,381.80036434108933,D
2024-01-01 03:00:00,Email Marketing,41668.0,1674.0,40.0,148.42307232669762,D
2024-01-01 04:00:00,Email Marketing,28061.0,774.0,161.0,182.99469188414815,D
2024-01-01 05:00:00,TikTok Ads,18716.0,1728.0,129.0,448.10620824129285,C
2024-01-01 06:00:00,Facebook Ads,44749.0,1138.0,8.0,473.7636914436987,B
2024-01-01 07:00:00,Facebook Ads,44144.0,1149.0,101.0,447.3535314683725,C
2024-01-01 08:00:00,Email Marketing,21907.0,760.0,160.0,215.52951703908366,D
2024-01-01 09:00:00,Google Ads,23777.0,192.0,124.0,392.37909647337204,B
2024-01-01 10:00:00,Email Marketing,32693.0,966.0,176.0,243.4045093175384,C
2024-01-01 11:00:00,Email Marketing,47928.0,1988.0,107.0,253.79452755159008,C
2024-01-01 12:00:00,Email Marketing,31329.0,877.0,101.0,110.29325343806914,A
2024-01-01 13:00:00,Email Marketing,21282.0,654.0,4.0,299.6538485966731,C
2024-01-01 14:00:00,TikTok Ads,28624.0,1546.0,198.0,101.20658989914048,D
2024-01-01 15:00:00,Facebook Ads,28321.0,1490.0,110.0,172.46670254292493,C
2024-01-01 16:00:00,TikTok Ads,15488.0,354.0,19.0,428.96479879376824,B
2024-01-01 17:00:00,TikTok Ads,27574.0,785.0,32.0,111.46714651331907,C
2024-01-01 18:00:00,TikTok Ads,10240.0,1570.0,137.0,44.86755973498208,A
2024-01-01 19:00:00,Email Marketing,48221.0,340.0,12.0,43.81372038027999,B
2024-01-01 20:00:00,Google Ads,15478.0,151.0,139.0,470.9844150465229,B
2024-01-01 21:00:00,Facebook Ads,24262.0,1340.0,46.0,258.39101460129893,A
2024-01-01 22:00:00,Google Ads,9432.0,916.0,119.0,210.61191519033898,D
2024-01-01 23:00:00,TikTok Ads,34721.0,1017.0,16.0,407.33050469388,B
2024-01-02 00:00:00,TikTok Ads,18568.0,1695.0,129.0,419.5547046761528,D
2024-01-02 01:00:00,Google Ads,19178.0,1023.0,63.0,172.77360622664625,B
2024-01-02 02:00:00,Google Ads,27195.0,891.0,109.0,349.87284816215964,B
2024-01-02 03:00:00,Google Ads,5302.0,1011.0,119.0,387.85017976742444,D
2024-01-02 04:00:00,TikTok Ads,22022.0,991.0,21.0,330.7788365643177,B
2024-01-02 05:00:00,TikTok Ads,5055.0,1850.0,158.0,84.28158665204869,D
2024-01-02 06:00:00,Facebook Ads,13717.0,1076.0,13.0,439.18271092335794,A
2024-01-02 07:00:00,Facebook Ads,33699.0,134.0,162.0,274.1563308406443,D
2024-01-02 08:00:00,TikTok Ads,13150.0,1867.0,4.0,148.4114889213018,A
2024-01-02 09:00:00,Google Ads,7125.0,377.0,156.0,218.36181086447002,B
2024-01-02 10:00:00,Google Ads,49247.0,865.0,102.0,28.409834295464616,D
2024-01-02 11:00:00,Facebook Ads,21748.0,1523.0,59.0,72.6547325989846,B
2024-01-02 12:00:00,TikTok Ads,44577.0,503.0,128.0,385.1179077527718,D
2024-01-02 13:00:00,Facebook Ads,9621.0,1997.0,27.0,10.005701030129408,A
2024-01-02 14:00:00,Facebook Ads,20034.0,678.0,69.0,214.11725595632316,A
2024-01-02 15:00:00,Email Marketing,10126.0,1294.0,25.0,266.0299887319383,D
2024-01-02 16:00:00,Email Marketing,10122.0,1227.0,131.0,36.77086580047643,A
2024-01-02 17:00:00,Email Marketing,23030.0,714.0,97.0,486.8082998564431,B
2024-01-02 18:00:00,Google Ads,22302.0,61.0,196.0,120.80141231233925,B
2024-01-02 19:00:00,TikTok Ads,24181.0,1206.0,25.0,159.05737262177763,C
2024-01-02 20:00:00,TikTok Ads,43638.0,353.0,148.0,158.93183100496339,A
2024-01-02 21:00:00,TikTok Ads,6531.0,1366.0,162.0,122.90416443750145,B
2024-01-02 22:00:00,TikTok Ads,45940.0,1024.0,154.0,10.722172822292594,D
2024-01-02 23:00:00,Email Marketing,45441.0,1373.0,126.0,367.3789491031182,A
2024-01-03 00:00:00,Google Ads,28333.0,1813.0,133.0,483.7542949016498,B
2024-01-03 01:00:00,Google Ads,44650.0,832.0,189.0,119.90380680967208,A
2024-01-03 02:00:00,Email Marketing,39674.0,92.0,9.0,334.89312398367696,D
2024-01-03 03:00:00,Google Ads,40854.0,993.0,116.0,373.5292002097704,B
2024-01-03 04:00:00,Email Marketing,13152.0,392.0,178.0,425.7284357543571,C
2024-01-03 05:00:00,TikTok Ads,43518.0,1399.0,134.0,217.08830653666848,C
2024-01-03 06:00:00,Email Marketing,15267.0,1887.0,60.0,158.43614376381032,A
2024-01-03 07:00:00,TikTok Ads,30289.0,547.0,172.0,169.39461567128524,D
2024-01-03 08:00:00,TikTok Ads,6062.0,413.0,121.0,359.1844532182713,B
2024-01-03 09:00:00,Facebook Ads,34926.0,940.0,139.0,410.22193858776166,D
2024-01-03 10:00:00,Email Marketing,11229.0,476.0,194.0,98.9908442007353,B
2024-01-03 11:00:00,Facebook Ads,9632.0,1054.0,175.0,191.76109399730495,A
2024-01-03 12:00:00,Email Marketing,44056.0,70.0,108.0,451.9506964070835,B
2024-01-03 13:00:00,Email Marketing,8596.0,456.0,108.0,405.2798246504222,D
2024-01-03 14:00:00,Facebook Ads,49243.0,668.0,131.0,492.58061735361315,D
2024-01-03 15:00:00,Facebook Ads,11168.0,1064.0,76.0,379.5816472442196,A
2024-01-03 16:00:00,Email Marketing,47563.0,385.0,30.0,202.66564850368192,D
2024-01-03 17:00:00,Google Ads,12561.0,1888.0,21.0,299.4125386573725,B
2024-01-03 18:00:00,TikTok Ads,13258.0,1190.0,156.0,333.8969845811869,A
2024-01-03 19:00:00,Facebook Ads,21616.0,1197.0,190.0,48.44334999539073,B
2024-01-03 20:00:00,TikTok Ads,31734.0,448.0,161.0,276.8035099608939,D
2024-01-03 21:00:00,Google Ads,11371.0,842.0,163.0,357.56720595157867,A
2024-01-03 22:00:00,Google Ads,31069.0,1877.0,180.0,91.98743896051958,B
2024-01-03 23:00:00,Google Ads,19369.0,764.0,34.0,392.509541538523,D
2024-01-04 00:00:00,Facebook Ads,17910.0,100.0,41.0,296.0486624519147,D
2024-01-04 01:00:00,Google Ads,12943.0,1856.0,51.0,476.5886749918214,C
2024-01-04 02:00:00,Facebook Ads,17199.0,373.0,175.0,30.78692612137693,D
2024-01-04 03:00:00,Google Ads,20728.0,838.0,82.0,140.0098074021788,B
2024-01-04 04:00:00,TikTok Ads,28275.0,190.0,58.0,304.7614008569138,A
2024-01-04 05:00:00,TikTok Ads,11738.0,519.0,75.0,155.31435698090604,C
2024-01-04 06:00:00,Email Marketing,20913.0,836.0,185.0,360.06784039490867,D
2024-01-04 07:00:00,TikTok Ads,40240.0,1875.0,23.0,381.9125884357462,D
2024-01-04 08:00:00,Email Marketing,24123.0,1407.0,176.0,60.23282239257248,D
2024-01-04 09:00:00,TikTok Ads,39529.0,1966.0,128.0,261.78868746131616,B
2024-01-04 10:00:00,Facebook Ads,15167.0,1013.0,150.0,259.3563722396174,C
2024-01-04 11:00:00,TikTok Ads,15554.0,1057.0,17.0,190.94757740561514,B
2024-01-04 12:00:00,Email Marketing,22260.0,422.0,69.0,467.1331826591393,C
2024-01-04 13:00:00,Email Marketing,8812.0,1637.0,108.0,415.4780967378784,A
2024-01-04 14:00:00,Google Ads,33024.0,543.0,139.0,351.632597135722,B
2024-01-04 15:00:00,Facebook Ads,32285.0,1612.0,94.0,360.0200515101488,B
2024-01-04 16:00:00,TikTok Ads,31900.0,1742.0,15.0,236.24091046842835,A
2024-01-04 17:00:00,Google Ads,6605.0,800.0,91.0,461.2873153373222,C
2024-01-04 18:00:00,TikTok Ads,10622.0,1229.0,163.0,350.35175935410984,D
2024-01-04 19:00:00,TikTok Ads,11767.0,340.0,33.0,367.2007202113501,A
2024-01-04 20:00:00,Google Ads,32139.0,1721.0,125.0,432.22854285579916,D
2024-01-04 21:00:00,Google Ads,16613.0,1217.0,16.0,144.29507877767358,D
2024-01-04 22:00:00,Google Ads,15589.0,155.0,162.0,405.4647428946845,A
2024-01-04 23:00:00,Google Ads,18918.0,1493.0,66.0,105.6678954486811,C
2024-01-05 00:00:00,Google Ads,25119.0,719.0,168.0,179.21755659999505,D
2024-01-05 01:00:00,TikTok Ads,32446.0,1731.0,156.0,174.44912259222292,A
2024-01-05 02:00:00,Google Ads,18046.0,51.0,47.0,489.47747951067885,B
2024-01-05 03:00:00,Facebook Ads,29818.0,638.0,167.0,429.70323963648417,B
2024-01-05 04:00:00,Email Marketing,40358.0,693.0,198.0,353.57323217922726,B
2024-01-05 05:00:00,Google Ads,9324.0,139.0,148.0,366.2578131915412,A
2024-01-05 06:00:00,Google Ads,15787.0,1418.0,124.0,285.4156692572598,B
2024-01-05 07:00:00,TikTok Ads,14111.0,399.0,1.0,474.07442688317434,D
2024-01-05 08:00:00,Google Ads,43110.0,1532.0,87.0,253.16678891235716,B
2024-01-05 09:00:00,Google Ads,21389.0,1336.0,128.0,196.45367783624832,B
2024-01-05 10:00:00,Google Ads,46427.0,1424.0,191.0,89.8873150964796,D
2024-01-05 11:00:00,TikTok Ads,19043.0,1181.0,67.0,395.2407696079184,B
2024-01-05 12:00:00,Google Ads,33746.0,1659.0,4.0,369.8775267170398,D
2024-01-05 13:00:00,Email Marketing,27350.0,1112.0,186.0,198.3339688768261,B
2024-01-05 14:00:00,TikTok Ads,46605.0,958.0,153.0,22.344772840022387,D
2024-01-05 15:00:00,Email Marketing,5117.0,208.0,47.0,421.1086905818253,B
2024-01-05 16:00:00,TikTok Ads,23935.0,1656.0,38.0,15.594811892496079,D
2024-01-05 17:00:00,Google Ads,18234.0,1008.0,143.0,354.81289201823495,A
2024-01-05 18:00:00,Email Marketing,43328.0,361.0,191.0,485.42598376576797,D
2024-01-05 19:00:00,TikTok Ads,5846.0,1314.0,21.0,224.4540507926197,B
2024-01-05 20:00:00,Facebook Ads,15954.0,494.0,57.0,125.13696844801686,B
2024-01-05 21:00:00,Google Ads,18703.0,347.0,117.0,355.38679492125704,C
2024-01-05 22:00:00,TikTok Ads,27700.0,1001.0,181.0,410.39278958763674,D
2024-01-05 23:00:00,Facebook Ads,37043.0,85.0,46.0,277.75085487814516,A
2024-01-06 00:00:00,TikTok Ads,11469.0,1157.0,142.0,483.8472848755116,D
2024-01-06 01:00:00,Facebook Ads,35105.0,1525.0,145.0,35.31767361240094,D
2024-01-06 02:00:00,Google Ads,47101.0,1959.0,39.0,257.3498431692188,A
2024-01-06 03:00:00,Email Marketing,31386.0,1848.0,137.0,362.0424341880495,D
2024-01-06 04:00:00,Facebook Ads,41976.0,1895.0,99.0,432.6938308630977,A
2024-01-06 05:00:00,TikTok Ads,44051.0,1458.0,77.0,97.83524983481712,A
2024-01-06 06:00:00,Google Ads,7048.0,1245.0,115.0,402.0017060642039,D
2024-01-06 07:00:00,Facebook Ads,44001.0,1449.0,134.0,280.8264671020872,D
2024-01-06 08:00:00,TikTok Ads,17941.0,1758.0,151.0,204.31130417508197,B
2024-01-06 09:00:00,TikTok Ads,47533.0,1435.0,187.0,74.54036400375584,B
2024-01-06 10:00:00,TikTok Ads,6828.0,608.0,91.0,433.9949218653671,C
2024-01-06 11:00:00,Facebook Ads,6917.0,940.0,98.0,87.06387200806053,C
2024-01-06 12:00:00,Facebook Ads,25618.0,190.0,120.0,161.79605101245863,D
2024-01-06 13:00:00,Facebook Ads,37254.0,936.0,46.0,152.12231066159407,A
2024-01-06 14:00:00,Email Marketing,44756.0,1991.0,38.0,436.9928767535186,C
2024-01-06 15:00:00,Facebook Ads,25128.0,1191.0,142.0,339.62446716236,D
2024-01-06 16:00:00,Facebook Ads,5009.0,1350.0,100.0,400.3738846237724,C
2024-01-06 17:00:00,Facebook Ads,21644.0,775.0,72.0,132.7292704083245,A
2024-01-06 18:00:00,Email Marketing,27422.0,1293.0,190.0,316.18830880742945,D
2024-01-06 19:00:00,Facebook Ads,14865.0,1978.0,35.0,290.15553174043686,A
2024-01-06 20:00:00,TikTok Ads,7219.0,1099.0,147.0,418.0868846262528,D
2024-01-06 21:00:00,Facebook Ads,44809.0,570.0,30.0,453.98265963581764,C
2024-01-06 22:00:00,TikTok Ads,10287.0,1856.0,78.0,15.956818023919535,B
2024-01-06 23:00:00,TikTok Ads,39387.0,59.0,84.0,340.2697603388084,C
2024-01-07 00:00:00,TikTok Ads,13512.0,1033.0,113.0,35.39954156866722,C
2024-01-07 01:00:00,Email Marketing,6342.0,427.0,25.0,278.9407458879044,B
2024-01-07 02:00:00,Email Marketing,48336.0,1706.0,168.0,150.94003723140233,B
2024-01-07 03:00:00,Email Marketing,24216.0,1710.0,88.0,160.32053376584918,D
2024-01-07 04:00:00,Facebook Ads,32534.0,731.0,14.0,182.94966669165473,D
2024-01-07 05:00:00,TikTok Ads,19231.0,633.0,154.0,314.43330003430896,A
2024-01-07 06:00:00,Email Marketing,37293.0,201.0,102.0,173.6844831776969,A
2024-01-07 07:00:00,Email Marketing,31614.0,769.0,150.0,369.0225347892374,C
2024-01-07 08:00:00,Facebook Ads,41258.0,1122.0,176.0,208.21841893119614,B
2024-01-07 09:00:00,Email Marketing,33253.0,1227.0,83.0,43.493068151879726,A
2024-01-07 10:00:00,Facebook Ads,47078.0,908.0,110.0,394.04232281721255,C
2024-01-07 11:00:00,Google Ads,45752.0,1366.0,179.0,150.02157905042594,B
2024-01-07 12:00:00,Email Marketing,22988.0,1653.0,131.0,222.05577100363868,D
2024-01-07 13:00:00,Google Ads,36037.0,99.0,170.0,345.86750277873176,C
2024-01-07 14:00:00,Facebook Ads,17219.0,713.0,19.0,172.90351700286888,D
2024-01-07 15:00:00,TikTok Ads,5235.0,580.0,28.0,37.72697151189065,A
2024-01-07 16:00:00,Email Marketing,47929.0,1685.0,173.0,193.22131303627867,A
2024-01-07 17:00:00,Facebook Ads,6908.0,1133.0,71.0,472.7798055202087,B
2024-01-07 18:00:00,TikTok Ads,13567.0,1240.0,63.0,324.4498546762935,C
2024-01-07 19:00:00,TikTok Ads,41298.0,1275.0,73.0,339.0247828469314,D
2024-01-07 20:00:00,Google Ads,10256.0,906.0,124.0,319.81825528244354,B
2024-01-07 21:00:00,Facebook Ads,24019.0,195.0,119.0,107.50614809012403,A
2024-01-07 22:00:00,TikTok Ads,13162.0,964.0,121.0,214.98359341011727,A
2024-01-07 23:00:00,Email Marketing,10415.0,1749.0,19.0,377.96050119802595,C
2024-01-08 00:00:00,Email Marketing,41159.0,1042.0,175.0,59.67271980104798,D
2024-01-08 01:00:00,Google Ads,48925.0,1512.0,142.0,146.147860283959,C
2024-01-08 02:00:00,TikTok Ads,10951.0,291.0,120.0,145.39636314826828,D
2024-01-08 03:00:00,Facebook Ads,26852.0,630.0,166.0,221.68927452130794,D
2024-01-08 04:00:00,Email Marketing,13007.0,736.0,181.0,490.3806830616707,C
2024-01-08 05:00:00,TikTok Ads,46832.0,1634.0,61.0,43.07624787507275,B
2024-01-08 06:00:00,TikTok Ads,35523.0,532.0,164.0,264.16348724649157,C
2024-01-08 07:00:00,Google Ads,28325.0,1181.0,168.0,97.88869418598313,C
2024-01-08 08:00:00,Email Marketing,26204.0,1299.0,30.0,485.63150725077463,A
2024-01-08 09:00:00,Email Marketing,20524.0,722.0,9.0,65.51871731645745,A
2024-01-08 10:00:00,Facebook Ads,24282.0,680.0,64.0,207.76449115717972,C
2024-01-08 11:00:00,Email Marketing,28930.0,710.0,161.0,371.56364256895705,C
2024-01-08 12:00:00,Facebook Ads,5077.0,711.0,120.0,355.2316697334482,A
2024-01-08 13:00:00,Email Marketing,45345.0,1505.0,52.0,217.1370320780268,D
2024-01-08 14:00:00,Google Ads,25611.0,854.0,89.0,179.79684229683193,C
2024-01-08 15:00:00,Email Marketing,21984.0,1728.0,142.0,204.83006549090658,B
2024-01-08 16:00:00,Facebook Ads,19060.0,468.0,53.0,139.49536894773325,B
2024-01-08 17:00:00,Facebook Ads,22449.0,1037.0,187.0,110.6131399663319,B
2024-01-08 18:00:00,Google Ads,23520.0,1528.0,78.0,246.6894518038561,C
2024-01-08 19:00:00,Email Marketing,48303.0,1233.0,41.0,141.58154047312757,D
2024-01-08 20:00:00,Email Marketing,14510.0,1596.0,196.0,150.85621579965255,D
2024-01-08 21:00:00,Google Ads,34287.0,699.0,68.0,331.810471102533,A
2024-01-08 22:00:00,Email Marketing,33173.0,1018.0,8.0,484.58329253294715,C
2024-01-08 23:00:00,Email Marketing,44711.0,639.0,2.0,305.78222827409377,D
2024-01-09 00:00:00,Facebook Ads,16954.0,1150.0,105.0,47.71993886183348,C
2024-01-09 01:00:00,Email Marketing,12804.0,558.0,125.0,47.03597078849282,A
2024-01-09 02:00:00,Email Marketing,11565.0,490.0,110.0,476.19737821432733,A
2024-01-09 03:00:00,Google Ads,10984.0,1327.0,86.0,155.6724872505935,A
2024-01-09 04:00:00,Google Ads,26526.0,970.0,169.0,55.11282318041296,B
2024-01-09 05:00:00,TikTok Ads,42438.0,819.0,120.0,303.53184770368694,C
2024-01-09 06:00:00,Facebook Ads,23574.0,1393.0,127.0,315.5879013622304,A
2024-01-09 07:00:00,Email Marketing,14184.0,1876.0,183.0,327.7673618581572,C
2024-01-09 08:00:00,Email Marketing,24096.0,312.0,16.0,141.02699365019524,B
2024-01-09 09:00:00,TikTok Ads,7192.0,1670.0,62.0,17.404235265092765,B
2024-01-09 10:00:00,Email Marketing,39016.0,1731.0,113.0,482.8575310326912,A
2024-01-09 11:00:00,Facebook Ads,16246.0,1908.0,176.0,132.9375923886402,A
2024-01-09 12:00:00,TikTok Ads,23381.0,1627.0,158.0,341.2528811457483,D
2024-01-09 13:00:00,Facebook Ads,41455.0,1447.0,12.0,356.2486362405677,C
2024-01-09 14:00:00,TikTok Ads,31727.0,686.0,35.0,308.90363436894796,A
2024-01-09 15:00:00,TikTok Ads,9018.0,1240.0,11.0,163.32462316468764,D
2024-01-09 16:00:00,Google Ads,16302.0,1826.0,64.0,142.83716434439222,C
2024-01-09 17:00:00,Facebook Ads,6970.0,508.0,50.0,302.8574585243245,A
2024-01-09 18:00:00,Email Marketing,46157.0,1048.0,149.0,434.38686046972884,D
2024-01-09 19:00:00,Email Marketing,32202.0,1353.0,69.0,473.8995271724638,D
2024-01-09 20:00:00,Facebook Ads,36110.0,749.0,48.0,61.89384415784124,C
2024-01-09 21:00:00,Email Marketing,22586.0,351.0,20.0,85.86602017288273,D
2024-01-09 22:00:00,Email Marketing,29519.0,1604.0,101.0,472.92076680370906,C
2024-01-09 23:00:00,Facebook Ads,36273.0,1653.0,195.0,370.90226188404836,C
2024-01-10 00:00:00,TikTok Ads,26951.0,1291.0,172.0,442.66697416658883,C
2024-01-10 01:00:00,Facebook Ads,20374.0,1175.0,161.0,109.28999072631815,B
2024-01-10 02:00:00,TikTok Ads,10788.0,603.0,189.0,297.91707684360694,D
2024-01-10 03:00:00,Email Marketing,10408.0,337.0,137.0,353.55840126456206,C
2024-01-10 04:00:00,Email Marketing,30053.0,1240.0,68.0,343.2548238690166,A
2024-01-10 05:00:00,Email Marketing,14446.0,670.0,35.0,209.9943285246821,B
2024-01-10 06:00:00,Google Ads,5922.0,1055.0,65.0,17.543496928741153,B
2024-01-10 07:00:00,TikTok Ads,38187.0,85.0,8.0,295.6337678340889,D
2024-01-10 08:00:00,Google Ads,15789.0,793.0,45.0,134.0197541980083,C
2024-01-10 09:00:00,Google Ads,37184.0,1814.0,87.0,230.62458061001627,D
2024-01-10 10:00:00,Facebook Ads,6120.0,402.0,175.0,479.2146973910705,B
2024-01-10 11:00:00,Google Ads,49028.0,1749.0,168.0,205.52730564479302,C
2024-01-10 12:00:00,Facebook Ads,37154.0,1972.0,76.0,421.5027872655691,A
2024-01-10 13:00:00,Facebook Ads,22334.0,122.0,182.0,102.38489681713305,C
2024-01-10 14:00:00,Google Ads,7336.0,697.0,76.0,339.5056440322641,B
2024-01-10 15:00:00,TikTok Ads,43141.0,1426.0,174.0,488.7334076750823,A
2024-01-10 16:00:00,TikTok Ads,7243.0,1964.0,47.0,59.92761942773903,C
2024-01-10 17:00:00,TikTok Ads,24029.0,1143.0,15.0,14.076771691324087,A
2024-01-10 18:00:00,TikTok Ads,37265.0,474.0,105.0,222.45556838998104,A
2024-01-10 19:00:00,TikTok Ads,42380.0,1048.0,147.0,55.38648669516993,B
2024-01-10 20:00:00,Google Ads,48872.0,757.0,26.0,376.70833134135336,A
2024-01-10 21:00:00,Google Ads,28710.0,1854.0,52.0,458.1288452857939,D
2024-01-10 22:00:00,Email Marketing,34486.0,610.0,93.0,222.67027662729183,B
2024-01-10 23:00:00,TikTok Ads,11371.0,877.0,150.0,136.76870465616605,D
2024-01-11 00:00:00,Google Ads,11359.0,1715.0,21.0,222.8576263132388,A
2024-01-11 01:00:00,Email Marketing,45631.0,1005.0,51.0,364.4894307465005,D
2024-01-11 02:00:00,TikTok Ads,40996.0,566.0,38.0,14.43653917438178,C
2024-01-11 03:00:00,Facebook Ads,25103.0,477.0,20.0,298.8324548475016,A
2024-01-11 04:00:00,Email Marketing,19382.0,1612.0,157.0,310.5129255948157,C
2024-01-11 05:00:00,Google Ads,23755.0,209.0,179.0,322.4672409790084,D
2024-01-11 06:00:00,Facebook Ads,40659.0,198.0,132.0,128.59081919062982,C
2024-01-11 07:00:00,Facebook Ads,8756.0,825.0,55.0,359.8858344552821,A
2024-01-11 08:00:00,Facebook Ads,25609.0,1303.0,199.0,54.78182830257044,C
2024-01-11 09:00:00,Email Marketing,21478.0,1785.0,92.0,107.6424648687324,D
2024-01-11 10:00:00,Google Ads,40442.0,1635.0,28.0,439.9603228606961,D
2024-01-11 11:00:00,Facebook Ads,44666.0,116.0,4.0,371.9743438560175,D
2024-01-11 12:00:00,TikTok Ads,15147.0,1063.0,150.0,16.735321465559174,A
2024-01-11 13:00:00,Facebook Ads,38561.0,1885.0,76.0,131.70436758120212,D
2024-01-11 14:00:00,Facebook Ads,39884.0,430.0,173.0,115.05917666665063,A
2024-01-11 15:00:00,Email Marketing,10779.0,107.0,67.0,142.69510073811657,C
2024-01-11 16:00:00,Email Marketing,17298.0,1332.0,86.0,131.30428743714435,D
2024-01-11 17:00:00,Google Ads,19153.0,391.0,194.0,40.63788491399441,C
2024-01-11 18:00:00,TikTok Ads,48879.0,1911.0,162.0,234.88085313244196,B
2024-01-11 19:00:00,Email Marketing,15789.0,1203.0,91.0,369.0394026452209,C
2024-01-11 20:00:00,Facebook Ads,49165.0,776.0,183.0,307.29854511154383,B
2024-01-11 21:00:00,Google Ads,17999.0,1245.0,105.0,339.7071176130591,C
2024-01-11 22:00:00,Facebook Ads,5814.0,819.0,1.0,49.76309748275718,A
2024-01-11 23:00:00,Facebook Ads,15541.0,663.0,72.0,476.23044798662573,C
2024-01-12 00:00:00,Email Marketing,29938.0,1282.0,87.0,420.86099858308216,A
2024-01-12 01:00:00,Google Ads,7443.0,1876.0,166.0,404.49425606287474,A
2024-01-12 02:00:00,TikTok Ads,15457.0,403.0,6.0,413.26206447046604,D
2024-01-12 03:00:00,TikTok Ads,15380.0,1544.0,153.0,467.02814898505306,A
2024-01-12 04:00:00,Email Marketing,12783.0,1871.0,145.0,276.68444339571187,B
2024-01-12 05:00:00,Email Marketing,49241.0,165.0,61.0,108.13818875513668,D
2024-01-12 06:00:00,Google Ads,22368.0,1337.0,12.0,312.22396784774514,D
2024-01-12 07:00:00,TikTok Ads,20328.0,711.0,6.0,374.0119318972901,C
2024-01-12 08:00:00,TikTok Ads,31215.0,1885.0,27.0,371.57952274347247,A
2024-01-12 09:00:00,TikTok Ads,38595.0,1515.0,136.0,265.5100218417713,A
2024-01-12 10:00:00,Facebook Ads,32306.0,1621.0,124.0,43.54477247345325,B
2024-01-12 11:00:00,TikTok Ads,24915.0,502.0,106.0,191.84533983076264,C
2024-01-12 12:00:00,Facebook Ads,44915.0,1918.0,193.0,461.1756381470451,C
2024-01-12 13:00:00,Google Ads,42219.0,1550.0,185.0,296.37996578113876,D
2024-01-12 14:00:00,Facebook Ads,20343.0,336.0,93.0,273.7826521952996,D
2024-01-12 15:00:00,Google Ads,43727.0,1376.0,109.0,141.73822204727483,D
2024-01-12 16:00:00,TikTok Ads,5126.0,1066.0,99.0,190.53997075912366,B
2024-01-12 17:00:00,TikTok Ads,32632.0,360.0,168.0,448.71958368505295,B
2024-01-12 18:00:00,Google Ads,46563.0,257.0,142.0,336.5668932881495,D
2024-01-12 19:00:00,Email Marketing,49409.0,667.0,35.0,395.8196431086431,C
2024-01-12 20:00:00,Google Ads,25530.0,495.0,176.0,232.629257303151,B
2024-01-12 21:00:00,Email Marketing,44964.0,719.0,84.0,318.8211375335174,C
2024-01-12 22:00:00,Facebook Ads,49327.0,682.0,56.0,131.70796828417167,C
2024-01-12 23:00:00,Facebook Ads,8368.0,104.0,177.0,355.6758068389083,A
2024-01-13 00:00:00,Facebook Ads,8797.0,961.0,141.0,219.52465351463528,D
2024-01-13 01:00:00,TikTok Ads,18718.0,1085.0,189.0,226.84730225922533,A
2024-01-13 02:00:00,Facebook Ads,39560.0,706.0,49.0,328.167939042672,D
2024-01-13 03:00:00,Email Marketing,16053.0,1473.0,46.0,468.7775045197741,D
2024-01-13 04:00:00,Facebook Ads,27116.0,1981.0,113.0,41.363109838224254,C
2024-01-13 05:00:00,Google Ads,41244.0,1721.0,190.0,414.1241863000337,D
2024-01-13 06:00:00,Google Ads,41185.0,1029.0,136.0,153.26772410197464,C
2024-01-13 07:00:00,TikTok Ads,6645.0,564.0,43.0,227.52053270812513,C
2024-01-13 08:00:00,Google Ads,24256.0,1729.0,148.0,20.73753109975439,D
2024-01-13 09:00:00,Email Marketing,40840.0,1615.0,124.0,157.51257813881338,C
2024-01-13 10:00:00,Facebook Ads,39622.0,286.0,97.0,256.2893088887639,C
2024-01-13 11:00:00,TikTok Ads,42430.0,1352.0,90.0,37.52627790024512,C
2024-01-13 12:00:00,Facebook Ads,44282.0,397.0,39.0,250.63690739775092,B
2024-01-13 13:00:00,Facebook Ads,7708.0,676.0,85.0,464.2842081406294,C
2024-01-13 14:00:00,Email Marketing,16694.0,1177.0,177.0,61.64267687282456,B
2024-01-13 15:00:00,Google Ads,14524.0,679.0,192.0,384.57595675699713,B
2024-01-13 16:00:00,Google Ads,36880.0,1590.0,62.0,210.7388161542364,C
2024-01-13 17:00:00,Facebook Ads,44224.0,1945.0,106.0,331.0351201169256,C
2024-01-13 18:00:00,TikTok Ads,41980.0,1321.0,107.0,137.5159330127624,B
2024-01-13 19:00:00,Google Ads,37409.0,413.0,54.0,88.15120864526556,B
2024-01-13 20:00:00,TikTok Ads,18224.0,370.0,126.0,88.62668099290096,C
2024-01-13 21:00:00,Google Ads,45738.0,1706.0,9.0,44.541053365140876,C
2024-01-13 22:00:00,TikTok Ads,30150.0,335.0,88.0,100.96688540160908,D
2024-01-13 23:00:00,Email Marketing,39393.0,198.0,37.0,335.46749864459446,B
2024-01-14 00:00:00,TikTok Ads,48082.0,1157.0,49.0,442.02839980331896,B
2024-01-14 01:00:00,Email Marketing,12973.0,455.0,41.0,408.9215859396693,D
2024-01-14 02:00:00,Email Marketing,13577.0,1027.0,17.0,345.7158118384972,B
2024-01-14 03:00:00,TikTok Ads,13070.0,505.0,88.0,64.1116130714403,A
2024-01-14 04:00:00,Email Marketing,13666.0,1816.0,21.0,151.70184868501542,B
2024-01-14 05:00:00,Facebook Ads,41368.0,849.0,51.0,161.8053689080098,D
2024-01-14 06:00:00,Email Marketing,11783.0,1234.0,59.0,132.4789037348344,A
2024-01-14 07:00:00,Google Ads,46914.0,1062.0,167.0,262.35277325776434,C
2024-01-14 08:00:00,TikTok Ads,9971.0,833.0,183.0,272.4213692910396,D
2024-01-14 09:00:00,Facebook Ads,18490.0,509.0,41.0,184.874127833844,D
2024-01-14 10:00:00,TikTok Ads,6990.0,1623.0,39.0,183.35668778085366,C
2024-01-14 11:00:00,Google Ads,10299.0,1573.0,141.0,415.99224297397984,D
2024-01-14 12:00:00,Google Ads,24956.0,787.0,192.0,396.75349567664597,B
2024-01-14 13:00:00,Google Ads,27359.0,558.0,11.0,160.81995752356536,C
2024-01-14 14:00:00,Email Marketing,42148.0,1727.0,147.0,457.75633749789705,D
2024-01-14 15:00:00,Email Marketing,33734.0,1877.0,139.0,476.87935833122793,C
2024-01-14 16:00:00,TikTok Ads,9757.0,530.0,77.0,170.10384559472,C
2024-01-14 17:00:00,TikTok Ads,24097.0,1736.0,127.0,183.66822490859687,C
2024-01-14 18:00:00,Facebook Ads,15395.0,163.0,46.0,257.7607351767598,A
2024-01-14 19:00:00,Facebook Ads,21241.0,798.0,45.0,471.14919814150005,D
2024-01-14 20:00:00,TikTok Ads,43356.0,1651.0,1.0,439.39652223973263,A
2024-01-14 21:00:00,Email Marketing,32696.0,410.0,168.0,60.258301665959,D
2024-01-14 22:00:00,Google Ads,9944.0,390.0,108.0,202.43806420299396,B
2024-01-14 23:00:00,TikTok Ads,24816.0,819.0,19.0,281.1518829773882,B
2024-01-15 00:00:00,Facebook Ads,42011.0,810.0,76.0,256.5349115502546,B
2024-01-15 01:00:00,Email Marketing,29917.0,1018.0,72.0,104.9929032890774,D
2024-01-15 02:00:00,TikTok Ads,36195.0,498.0,189.0,430.8202178723958,C
2024-01-15 03:00:00,TikTok Ads,26566.0,1916.0,109.0,341.7009836684503,C
2024-01-15 04:00:00,Email Marketing,14916.0,884.0,12.0,420.57510367738377,A
2024-01-15 05:00:00,TikTok Ads,25806.0,1253.0,189.0,430.7944968812414,A
2024-01-15 06:00:00,Email Marketing,14984.0,1775.0,161.0,376.6943682962125,B
2024-01-15 07:00:00,Google Ads,6759.0,1480.0,45.0,225.2131946123615,A
2024-01-15 08:00:00,Email Marketing,46949.0,1739.0,90.0,309.16790995755804,D
2024-01-15 09:00:00,Email Marketing,31838.0,1269.0,103.0,88.57904899867414,D
2024-01-15 10:00:00,Email Marketing,7482.0,1539.0,197.0,340.08625456270477,A
2024-01-15 11:00:00,TikTok Ads,29442.0,360.0,8.0,97.83409531224757,A
2024-01-15 12:00:00,TikTok Ads,38719.0,311.0,153.0,350.0352993499768,A
2024-01-15 13:00:00,Email Marketing,32965.0,1492.0,91.0,122.50309876944465,A
2024-01-15 14:00:00,TikTok Ads,7079.0,455.0,174.0,67.60013707360778,B
2024-01-15 15:00:00,Facebook Ads,7717.0,192.0,87.0,90.98940017004914,B
2024-01-15 16:00:00,Facebook Ads,32952.0,391.0,158.0,10.976146257344432,A
2024-01-15 17:00:00,TikTok Ads,25908.0,1389.0,175.0,362.1824127482298,D
2024-01-15 18:00:00,TikTok Ads,47460.0,1174.0,177.0,368.87651403860576,B
2024-01-15 19:00:00,Email Marketing,29861.0,293.0,175.0,262.31734145749715,D
2024-01-15 20:00:00,Google Ads,12311.0,539.0,84.0,89.06777251713801,C
2024-01-15 21:00:00,TikTok Ads,33071.0,61.0,82.0,50.94162538023797,D
2024-01-15 22:00:00,Facebook Ads,28570.0,1312.0,146.0,19.373193554270635,A
2024-01-15 23:00:00,Email Marketing,23449.0,610.0,194.0,91.21660671295814,C
2024-01-16 00:00:00,TikTok Ads,38536.0,91.0,68.0,446.5192121417419,B
2024-01-16 01:00:00,Facebook Ads,43258.0,727.0,161.0,128.35305243382408,B
2024-01-16 02:00:00,Facebook Ads,33865.0,643.0,127.0,183.59295033643568,C
2024-01-16 03:00:00,Google Ads,11645.0,1502.0,164.0,61.61928739585326,D
2024-01-16 04:00:00,Email Marketing,43000.0,1876.0,82.0,118.95703932660344,B
2024-01-16 05:00:00,Email Marketing,31737.0,1231.0,147.0,264.4200396823005,A
2024-01-16 06:00:00,Google Ads,16485.0,1289.0,156.0,307.79881471686974,C
2024-01-16 07:00:00,Google Ads,43565.0,1743.0,168.0,130.2226339414434,A
2024-01-16 08:00:00,Email Marketing,30522.0,1535.0,84.0,38.288758020307434,C
2024-01-16 09:00:00,Email Marketing,17342.0,183.0,113.0,201.60610587242533,B
2024-01-16 10:00:00,TikTok Ads,45806.0,1140.0,76.0,124.75965175390373,D
2024-01-16 11:00:00,TikTok Ads,18087.0,1921.0,122.0,117.58142238260295,C
2024-01-16 12:00:00,Google Ads,42641.0,1080.0,143.0,480.33277332959307,C
2024-01-16 13:00:00,TikTok Ads,39249.0,997.0,41.0,311.9872381036048,A
2024-01-16 14:00:00,Facebook Ads,15093.0,1599.0,167.0,282.87043715432696,B
2024-01-16 15:00:00,TikTok Ads,21438.0,122.0,2.0,213.72980072642775,A
2024-01-16 16:00:00,TikTok Ads,45411.0,448.0,191.0,220.18272338077068,B
2024-01-16 17:00:00,Facebook Ads,31399.0,1478.0,29.0,275.0434518806596,A
2024-01-16 18:00:00,Google Ads,24846.0,1748.0,105.0,351.2506054476925,C
2024-01-16 19:00:00,Facebook Ads,20708.0,627.0,194.0,354.05158712909645,A
2024-01-16 20:00:00,TikTok Ads,49039.0,908.0,51.0,94.13001477567029,D
2024-01-16 21:00:00,Google Ads,15998.0,179.0,75.0,255.05524851754723,B
2024-01-16 22:00:00,TikTok Ads,35678.0,980.0,10.0,211.85946656670995,B
2024-01-16 23:00:00,Facebook Ads,15682.0,1539.0,142.0,436.5582134719983,C
2024-01-17 00:00:00,Facebook Ads,13519.0,1279.0,51.0,319.3952713970044,B
2024-01-17 01:00:00,TikTok Ads,36480.0,1861.0,118.0,270.9269925438311,D
2024-01-17 02:00:00,Email Marketing,24694.0,1841.0,121.0,66.54337466766951,A
2024-01-17 03:00:00,Email Marketing,8300.0,315.0,39.0,306.76256576847163,C
2024-01-17 04:00:00,Facebook Ads,11722.0,1610.0,28.0,67.42991378331438,D
2024-01-17 05:00:00,Facebook Ads,44986.0,842.0,3.0,175.2312220272185,B
2024-01-17 06:00:00,Email Marketing,29160.0,302.0,84.0,79.99256275902262,B
2024-01-17 07:00:00,Email Marketing,25059.0,871.0,198.0,349.1160870419408,D
2024-01-17 08:00:00,TikTok Ads,40822.0,1362.0,155.0,111.06353577971478,A
2024-01-17 09:00:00,TikTok Ads,18575.0,213.0,117.0,202.01109286213273,A
2024-01-17 10:00:00,Email Marketing,12970.0,144.0,2.0,448.8806410332015,C
2024-01-17 11:00:00,TikTok Ads,39911.0,1855.0,93.0,110.11502786549545,B
2024-01-17 12:00:00,TikTok Ads,26591.0,882.0,166.0,258.82448133980176,D
2024-01-17 13:00:00,Google Ads,36821.0,1183.0,131.0,215.44311397135078,A
2024-01-17 14:00:00,TikTok Ads,14503.0,385.0,144.0,18.88078011240757,C
2024-01-17 15:00:00,Facebook Ads,23922.0,871.0,94.0,398.4514756506783,B
2024-01-17 16:00:00,TikTok Ads,17175.0,287.0,40.0,43.832494094153866,B
2024-01-17 17:00:00,TikTok Ads,46124.0,430.0,2.0,242.38496027870727,C
2024-01-17 18:00:00,Email Marketing,26389.0,1509.0,81.0,284.73236452008547,C
2024-01-17 19:00:00,Facebook Ads,5822.0,948.0,169.0,317.92896374114764,A
2024-01-17 20:00:00,TikTok Ads,22327.0,532.0,12.0,347.42949836085904,D
2024-01-17 21:00:00,TikTok Ads,11150.0,951.0,163.0,134.1034679261304,B
2024-01-17 22:00:00,Google Ads,9425.0,1098.0,65.0,14.889600562640194,D
2024-01-17 23:00:00,TikTok Ads,21032.0,1726.0,55.0,364.4873945539069,B
2024-01-18 00:00:00,TikTok Ads,7198.0,1190.0,45.0,272.4717336803135,B
2024-01-18 01:00:00,Google Ads,25079.0,531.0,101.0,419.6976745715519,D
2024-01-18 02:00:00,Email Marketing,41220.0,1465.0,62.0,412.4802978213402,C
2024-01-18 03:00:00,TikTok Ads,46874.0,966.0,49.0,423.22982221606276,A
2024-01-18 04:00:00,Google Ads,18859.0,1043.0,127.0,247.69638338997467,B
2024-01-18 05:00:00,Facebook Ads,36419.0,1013.0,153.0,173.47791396006417,C
2024-01-18 06:00:00,Email Marketing,13705.0,586.0,23.0,397.8635192697713,B
2024-01-18 07:00:00,Facebook Ads,47880.0,1152.0,152.0,231.1341153843349,A
2024-01-18 08:00:00,Facebook Ads,28236.0,1653.0,38.0,99.8866762376829,B
2024-01-18 09:00:00,Google Ads,27419.0,1246.0,28.0,428.9372695851224,A
2024-01-18 10:00:00,TikTok Ads,24978.0,1085.0,21.0,442.45433961845015,A
2024-01-18 11:00:00,Google Ads,42609.0,1873.0,182.0,238.49178050868335,B
2024-01-18 12:00:00,Google Ads,20358.0,177.0,107.0,47.09286638179586,B
2024-01-18 13:00:00,Google Ads,39177.0,1681.0,146.0,200.0347840592963,A
2024-01-18 14:00:00,Google Ads,34378.0,141.0,164.0,403.7334531366756,C
2024-01-18 15:00:00,Email Marketing,42334.0,1726.0,99.0,451.86927398765204,D
2024-01-18 16:00:00,TikTok Ads,16382.0,592.0,173.0,109.70164382382195,A
2024-01-18 17:00:00,Facebook Ads,19596.0,895.0,119.0,42.817069892383046,B
2024-01-18 18:00:00,Facebook Ads,38572.0,1605.0,73.0,439.9017220350909,B
2024-01-18 19:00:00,TikTok Ads,18221.0,1731.0,181.0,200.80842009964888,C
2024-01-18 20:00:00,Facebook Ads,6279.0,1038.0,122.0,275.462872491106,D
2024-01-18 21:00:00,TikTok Ads,12083.0,1901.0,30.0,484.3522479048719,A
2024-01-18 22:00:00,Facebook Ads,48861.0,496.0,188.0,42.6167166779692,A
2024-01-18 23:00:00,Google Ads,22771.0,439.0,108.0,327.6758236515268,D
2024-01-19 00:00:00,Facebook Ads,34975.0,721.0,98.0,46.31165706168487,A
2024-01-19 01:00:00,TikTok Ads,24063.0,1934.0,32.0,193.97977494858517,D
2024-01-19 02:00:00,TikTok Ads,7106.0,92.0,195.0,403.86912714478893,B
2024-01-19 03:00:00,TikTok Ads,29557.0,303.0,195.0,222.40139405026085,D
2024-01-19 04:00:00,TikTok Ads,25607.0,1203.0,156.0,498.6193534124457,A
2024-01-19 05:00:00,TikTok Ads,42599.0,1133.0,172.0,283.93904962383505,D
2024-01-19 06:00:00,Email Marketing,33529.0,712.0,79.0,167.36945479161722,C
2024-01-19 07:00:00,Email Marketing,40954.0,516.0,41.0,117.85454969332903,B
2024-01-19 08:00:00,Facebook Ads,32856.0,336.0,63.0,181.7550618002193,B
2024-01-19 09:00:00,TikTok Ads,7573.0,1060.0,23.0,192.5413041421799,D
2024-01-19 10:00:00,Facebook Ads,17808.0,1590.0,104.0,43.66970208474088,A
2024-01-19 11:00:00,TikTok Ads,40367.0,1540.0,75.0,191.09135771911886,C
2024-01-19 12:00:00,TikTok Ads,41801.0,827.0,48.0,237.47687467222022,B
2024-01-19 13:00:00,Email Marketing,46196.0,394.0,160.0,364.1414985970143,B
2024-01-19 14:00:00,Email Marketing,39072.0,691.0,57.0,331.7974475135879,A
2024-01-19 15:00:00,Google Ads,28752.0,431.0,118.0,357.2951710622856,A
2024-01-19 16:00:00,Email Marketing,22685.0,1852.0,100.0,14.098204119659979,C
2024-01-19 17:00:00,Google Ads,46401.0,739.0,124.0,116.65702579446267,D
2024-01-19 18:00:00,Google Ads,16372.0,1326.0,161.0,334.2253013159297,A
2024-01-19 19:00:00,Google Ads,13996.0,1129.0,152.0,247.1547904080761,D
2024-01-19 20:00:00,Google Ads,21458.0,1536.0,167.0,12.603603077489513,C
2024-01-19 21:00:00,Google Ads,36889.0,506.0,34.0,404.20237479159294,D
2024-01-19 22:00:00,Facebook Ads,31665.0,1032.0,184.0,388.6766909122653,B
2024-01-19 23:00:00,Email Marketing,43243.0,132.0,156.0,278.7253898668457,D
2024-01-20 00:00:00,Google Ads,36653.0,1978.0,165.0,42.56702963037334,C
2024-01-20 01:00:00,TikTok Ads,31657.0,1172.0,7.0,385.5923742709665,C
2024-01-20 02:00:00,Email Marketing,44952.0,198.0,196.0,296.01965798836835,C
2024-01-20 03:00:00,Email Marketing,27180.0,1402.0,165.0,393.1603888074,D
2024-01-20 04:00:00,Google Ads,36896.0,1229.0,56.0,378.3560262739618,B
2024-01-20 05:00:00,Facebook Ads,17875.0,239.0,65.0,403.4710152593402,A
2024-01-20 06:00:00,Google Ads,6622.0,1567.0,193.0,263.82395253826616,B
2024-01-20 07:00:00,Facebook Ads,45809.0,932.0,47.0,78.75901391482235,D
2024-01-20 08:00:00,TikTok Ads,21725.0,312.0,148.0,338.8671619560474,D
2024-01-20 09:00:00,Email Marketing,45760.0,1153.0,19.0,314.03215467546556,A
2024-01-20 10:00:00,TikTok Ads,20646.0,449.0,157.0,373.7040617275527,D
2024-01-20 11:00:00,Facebook Ads,22029.0,813.0,188.0,93.2416929648603,C
2024-01-20 12:00:00,Facebook Ads,34402.0,658.0,146.0,105.53784795114171,C
2024-01-20 13:00:00,TikTok Ads,9263.0,1333.0,163.0,446.300663437471,C
2024-01-20 14:00:00,Facebook Ads,35987.0,1845.0,171.0,377.4891212415147,C
2024-01-20 15:00:00,TikTok Ads,13646.0,1688.0,126.0,455.0319594631582,C
2024-01-20 16:00:00,Email Marketing,32529.0,1625.0,139.0,381.7705073703211,D
2024-01-20 17:00:00,TikTok Ads,16664.0,834.0,49.0,302.6060999352479,A
2024-01-20 18:00:00,Email Marketing,40737.0,150.0,113.0,330.5250411436581,A
2024-01-20 19:00:00,TikTok Ads,40796.0,1432.0,38.0,445.6726827306049,C
2024-01-20 20:00:00,Facebook Ads,29027.0,1453.0,64.0,293.61530971085085,D
2024-01-20 21:00:00,TikTok Ads,34373.0,869.0,69.0,319.87174892090985,B
2024-01-20 22:00:00,Facebook Ads,41397.0,1294.0,136.0,86.67359084176428,B
2024-01-20 23:00:00,TikTok Ads,25609.0,869.0,162.0,242.22139785689032,D
2024-01-21 00:00:00,TikTok Ads,40835.0,469.0,176.0,361.0345848594685,C
2024-01-21 01:00:00,Google Ads,43709.0,173.0,116.0,142.76192217501907,A
2024-01-21 02:00:00,Facebook Ads,24250.0,471.0,184.0,109.1045484570221,D
2024-01-21 03:00:00,Google Ads,26172.0,1304.0,65.0,163.77513602996362,B
2024-01-21 04:00:00,Facebook Ads,16555.0,1763.0,31.0,128.3353077164884,B
2024-01-21 05:00:00,Google Ads,26874.0,1136.0,132.0,115.30719214783396,B
2024-01-21 06:00:00,Email Marketing,18081.0,1558.0,113.0,218.1769130053626,C
2024-01-21 07:00:00,TikTok Ads,29063.0,1701.0,109.0,454.8408718029317,B
2024-01-21 08:00:00,Facebook Ads,11819.0,1776.0,178.0,258.459226901972,D
2024-01-21 09:00:00,Facebook Ads,30712.0,1647.0,69.0,102.08098659950828,D
2024-01-21 10:00:00,TikTok Ads,29762.0,817.0,158.0,47.7161179966283,B
2024-01-21 11:00:00,Facebook Ads,16046.0,532.0,120.0,351.11651111758334,D
2024-01-21 12:00:00,Facebook Ads,36463.0,568.0,88.0,197.57139457383005,B
2024-01-21 13:00:00,Google Ads,33769.0,204.0,187.0,412.69716382682606,B
2024-01-21 14:00:00,Facebook Ads,28150.0,141.0,67.0,333.1602766339774,A
2024-01-21 15:00:00,Email Marketing,7711.0,1031.0,75.0,400.1583107652706,C
2024-01-21 16:00:00,Email Marketing,9853.0,1599.0,45.0,143.2535593150399,C
2024-01-21 17:00:00,TikTok Ads,34077.0,504.0,4.0,349.2558720059185,A
2024-01-21 18:00:00,Facebook Ads,28863.0,1814.0,154.0,139.3903724999222,A
2024-01-21 19:00:00,TikTok Ads,26792.0,647.0,155.0,470.1435549306429,C
2024-01-21 20:00:00,Email Marketing,45483.0,1718.0,174.0,321.82339795135346,B
2024-01-21 21:00:00,Facebook Ads,13942.0,559.0,107.0,169.0107820859176,B
2024-01-21 22:00:00,Facebook Ads,6762.0,1256.0,192.0,142.0608125232136,C
2024-01-21 23:00:00,TikTok Ads,36987.0,435.0,51.0,103.55402668510531,B
2024-01-22 00:00:00,Email Marketing,20850.0,1647.0,50.0,350.3740698579266,A
2024-01-22 01:00:00,Facebook Ads,17112.0,1804.0,6.0,117.17065036898438,B
2024-01-22 02:00:00,TikTok Ads,29058.0,454.0,59.0,301.69860030446966,B
2024-01-22 03:00:00,Email Marketing,43890.0,295.0,125.0,139.6711631934251,D
2024-01-22 04:00:00,TikTok Ads,5481.0,791.0,143.0,334.3647829489956,D
2024-01-22 05:00:00,Google Ads,37921.0,1664.0,30.0,409.3204669848642,D
2024-01-22 06:00:00,Facebook Ads,45385.0,710.0,170.0,391.23236914088005,B
2024-01-22 07:00:00,Google Ads,6524.0,699.0,122.0,382.81715215608307,C
2024-01-22 08:00:00,Email Marketing,39888.0,1544.0,125.0,101.98397878920352,A
2024-01-22 09:00:00,Google Ads,20048.0,1899.0,37.0,53.308624022414165,B
2024-01-22 10:00:00,Google Ads,40111.0,1961.0,170.0,352.48492595881896,C
2024-01-22 11:00:00,Email Marketing,42904.0,1496.0,124.0,190.49013475923215,B
2024-01-22 12:00:00,TikTok Ads,39008.0,950.0,101.0,221.84965093764018,A
2024-01-22 13:00:00,Google Ads,5060.0,114.0,35.0,25.26305546876162,B
2024-01-22 14:00:00,TikTok Ads,14130.0,1086.0,87.0,137.1924601447741,A
2024-01-22 15:00:00,Google Ads,23023.0,262.0,134.0,26.50143789848737,B
2024-01-22 16:00:00,TikTok Ads,18350.0,291.0,196.0,440.80102857461134,A
2024-01-22 17:00:00,Email Marketing,29354.0,542.0,18.0,129.26437477707992,B
2024-01-22 18:00:00,Google Ads,33145.0,1286.0,113.0,283.09521309077394,A
2024-01-22 19:00:00,Email Marketing,39020.0,1766.0,29.0,29.099867123953903,D
2024-01-22 20:00:00,Google Ads,25587.0,387.0,77.0,336.7552217397725,B
2024-01-22 21:00:00,Email Marketing,46131.0,222.0,59.0,168.283399419506,B
2024-01-22 22:00:00,Email Marketing,14650.0,721.0,175.0,449.98040160925626,C
2024-01-22 23:00:00,Google Ads,24933.0,213.0,126.0,445.17791257767755,C
2024-01-23 00:00:00,Google Ads,25581.0,514.0,145.0,169.3924029972564,A
2024-01-23 01:00:00,Google Ads,28393.0,1044.0,109.0,451.47083888832924,B
2024-01-23 02:00:00,Facebook Ads,28051.0,546.0,22.0,498.1172600144016,A
2024-01-23 03:00:00,TikTok Ads,31212.0,749.0,68.0,414.45367542073456,D
2024-01-23 04:00:00,Facebook Ads,9090.0,444.0,69.0,423.98696040006223,C
2024-01-23 05:00:00,Facebook Ads,11960.0,752.0,165.0,132.01428069345405,A
2024-01-23 06:00:00,Email Marketing,40772.0,1990.0,49.0,292.5841754403006,A
2024-01-23 07:00:00,Google Ads,26520.0,357.0,141.0,42.95539784401025,C
2024-01-23 08:00:00,TikTok Ads,41408.0,1841.0,162.0,56.50978904261816,B
2024-01-23 09:00:00,Email Marketing,33470.0,232.0,109.0,499.4573798963124,A
2024-01-23 10:00:00,Facebook Ads,25491.0,678.0,86.0,170.05323221869637,C
2024-01-23 11:00:00,Google Ads,6341.0,1867.0,53.0,376.61011690393474,B
2024-01-23 12:00:00,Email Marketing,49623.0,559.0,123.0,405.26587598314006,D
2024-01-23 13:00:00,Google Ads,29791.0,1781.0,87.0,430.4314027935423,C
2024-01-23 14:00:00,Email Marketing,5338.0,595.0,179.0,498.8378657270567,A
2024-01-23 15:00:00,Google Ads,10895.0,1637.0,131.0,128.33327777586524,D
2024-01-23 16:00:00,Facebook Ads,17254.0,673.0,42.0,29.771905161252857,B
2024-01-23 17:00:00,TikTok Ads,16344.0,1837.0,98.0,211.48384381734712,B
2024-01-23 18:00:00,Facebook Ads,6750.0,643.0,160.0,73.739528216184,C
2024-01-23 19:00:00,TikTok Ads,7421.0,793.0,109.0,20.98868568940701,C
2024-01-23 20:00:00,Google Ads,44887.0,1300.0,51.0,186.6091452993282,C
2024-01-23 21:00:00,Email Marketing,10319.0,1818.0,85.0,394.03174302686585,B
2024-01-23 22:00:00,Facebook Ads,20896.0,1806.0,174.0,287.4285387002847,D
2024-01-23 23:00:00,TikTok Ads,16918.0,1509.0,127.0,163.26121471307349,B
2024-01-24 00:00:00,Facebook Ads,30064.0,1998.0,21.0,330.6275826914327,A
2024-01-24 01:00:00,TikTok Ads,32935.0,1495.0,44.0,123.68890835131725,B
2024-01-24 02:00:00,Facebook Ads,42641.0,603.0,139.0,17.046908575321662,A
2024-01-24 03:00:00,TikTok Ads,34711.0,70.0,103.0,384.5331593538494,D
2024-01-24 04:00:00,TikTok Ads,9806.0,603.0,68.0,315.6341115833645,C
2024-01-24 05:00:00,Google Ads,46360.0,446.0,129.0,383.52828600547036,C
2024-01-24 06:00:00,TikTok Ads,17182.0,674.0,92.0,29.07962817695615,B
2024-01-24 07:00:00,Google Ads,27297.0,154.0,191.0,420.18861763701955,C
2024-01-24 08:00:00,TikTok Ads,24541.0,241.0,24.0,313.56783801778863,D
2024-01-24 09:00:00,Email Marketing,33921.0,66.0,125.0,286.06372184919366,C
2024-01-24 10:00:00,Email Marketing,21774.0,1193.0,141.0,316.0608835761205,B
2024-01-24 11:00:00,Email Marketing,49813.0,442.0,111.0,433.5722909654984,D
2024-01-24 12:00:00,TikTok Ads,42198.0,474.0,98.0,297.5988882138645,A
2024-01-24 13:00:00,Google Ads,13820.0,178.0,139.0,294.66568614520787,B
2024-01-24 14:00:00,Google Ads,29070.0,1203.0,179.0,495.43278696222524,A
2024-01-24 15:00:00,TikTok Ads,9232.0,621.0,17.0,380.7977818635983,D
2024-01-24 16:00:00,Email Marketing,16122.0,1633.0,99.0,226.72396467105628,B
2024-01-24 17:00:00,Email Marketing,20023.0,78.0,82.0,356.6245300161346,B
2024-01-24 18:00:00,Google Ads,13007.0,1170.0,104.0,200.72293112897637,D
2024-01-24 19:00:00,Email Marketing,22905.0,1083.0,152.0,122.14897661691451,C
2024-01-24 20:00:00,Facebook Ads,46786.0,291.0,19.0,302.45741967500214,B
2024-01-24 21:00:00,Google Ads,34398.0,1899.0,165.0,464.80922807583624,B
2024-01-24 22:00:00,Email Marketing,39268.0,281.0,85.0,465.27836480757674,A
2024-01-24 23:00:00,Google Ads,11737.0,838.0,8.0,177.53358627169027,C
2024-01-25 00:00:00,Facebook Ads,41062.0,1357.0,28.0,268.56195844863055,A
2024-01-25 01:00:00,Google Ads,30510.0,764.0,5.0,113.701590299232,A
2024-01-25 02:00:00,Google Ads,24426.0,808.0,145.0,497.8592436544529,C
2024-01-25 03:00:00,Google Ads,42265.0,851.0,101.0,490.7477748552885,C
2024-01-25 04:00:00,Google Ads,22850.0,825.0,164.0,328.2593755566492,D
2024-01-25 05:00:00,Facebook Ads,5614.0,775.0,118.0,404.162889241962,C
2024-01-25 06:00:00,TikTok Ads,26776.0,249.0,147.0,360.399079029013,B
2024-01-25 07:00:00,Google Ads,29077.0,994.0,64.0,300.6475273293394,C
2024-01-25 08:00:00,Google Ads,14374.0,128.0,91.0,36.140518524559866,D
2024-01-25 09:00:00,Email Marketing,40435.0,1986.0,117.0,232.83452785080394,D
2024-01-25 10:00:00,Google Ads,35907.0,1005.0,98.0,340.64528806203117,D
2024-01-25 11:00:00,Email Marketing,18409.0,1928.0,11.0,341.99049080300546,C
2024-01-25 12:00:00,TikTok Ads,21514.0,905.0,54.0,192.83008302696797,C
2024-01-25 13:00:00,Facebook Ads,34866.0,1246.0,173.0,471.429073462435,A
2024-01-25 14:00:00,Facebook Ads,7983.0,516.0,47.0,92.0049457960227,A
2024-01-25 15:00:00,TikTok Ads,36705.0,630.0,140.0,255.1761286456247,B
2024-01-25 16:00:00,Facebook Ads,25662.0,1489.0,149.0,348.5331485099032,A
2024-01-25 17:00:00,TikTok Ads,28510.0,989.0,139.0,351.5965448869865,B
2024-01-25 18:00:00,TikTok Ads,17651.0,498.0,5.0,327.8330888167196,D
2024-01-25 19:00:00,TikTok Ads,45998.0,136.0,184.0,144.8912245914115,A
2024-01-25 20:00:00,Facebook Ads,33535.0,150.0,20.0,86.54121865644477,C
2024-01-25 21:00:00,Email Marketing,11640.0,1081.0,169.0,321.6107601450883,A
2024-01-25 22:00:00,TikTok Ads,49547.0,894.0,46.0,303.6580369083245,B
2024-01-25 23:00:00,Google Ads,20317.0,1273.0,12.0,97.88444504172807,A
2024-01-26 00:00:00,Facebook Ads,12564.0,1578.0,70.0,355.518181329576,D
2024-01-26 01:00:00,TikTok Ads,32345.0,136.0,17.0,233.03427594949164,C
2024-01-26 02:00:00,TikTok Ads,33687.0,92.0,115.0,337.20268988554494,B
2024-01-26 03:00:00,Google Ads,18737.0,1458.0,147.0,420.30986908737384,C
2024-01-26 04:00:00,Email Marketing,14323.0,1694.0,154.0,93.16693000269235,C
2024-01-26 05:00:00,Email Marketing,20229.0,1508.0,48.0,19.380985318449973,B
2024-01-26 06:00:00,Email Marketing,49481.0,457.0,108.0,391.76026733393553,C
2024-01-26 07:00:00,TikTok Ads,13502.0,1556.0,52.0,308.7517383247818,C
2024-01-26 08:00:00,TikTok Ads,5545.0,713.0,96.0,352.82338911483964,A
2024-01-26 09:00:00,TikTok Ads,42114.0,1090.0,70.0,420.69593774443484,C
2024-01-26 10:00:00,Facebook Ads,34430.0,1718.0,183.0,403.37735806400525,C
2024-01-26 11:00:00,Google Ads,14996.0,197.0,102.0,480.85087199512407,C
2024-01-26 12:00:00,TikTok Ads,32788.0,326.0,75.0,272.6081886375379,C
2024-01-26 13:00:00,Google Ads,34969.0,281.0,161.0,249.36286000335363,B
2024-01-26 14:00:00,Google Ads,18919.0,1899.0,190.0,206.92472794645772,D
2024-01-26 15:00:00,Email Marketing,8810.0,415.0,151.0,85.30861099366022,A
2024-01-26 16:00:00,Facebook Ads,35586.0,1301.0,143.0,290.577544112191,C
2024-01-26 17:00:00,TikTok Ads,44974.0,1724.0,155.0,145.7361369197296,C
2024-01-26 18:00:00,Email Marketing,46773.0,485.0,192.0,461.440680984358,B
2024-01-26 19:00:00,Email Marketing,21371.0,448.0,179.0,295.7634940957778,D
2024-01-26 20:00:00,TikTok Ads,34629.0,1284.0,181.0,300.491688448974,C
2024-01-26 21:00:00,Google Ads,13436.0,1464.0,82.0,183.91308382973492,B
2024-01-26 22:00:00,Email Marketing,17984.0,548.0,92.0,35.47478246907667,A
2024-01-26 23:00:00,Google Ads,38039.0,589.0,179.0,25.554445032764423,A
2024-01-27 00:00:00,Facebook Ads,24895.0,612.0,175.0,217.43422063506677,C
2024-01-27 01:00:00,Google Ads,23155.0,1564.0,4.0,51.43703526764655,C
2024-01-27 02:00:00,Facebook Ads,15616.0,491.0,135.0,307.35500821466815,D
2024-01-27 03:00:00,Google Ads,42129.0,1334.0,109.0,441.67677276343215,D
2024-01-27 04:00:00,Email Marketing,44837.0,822.0,163.0,442.62826009417387,C
2024-01-27 05:00:00,Email Marketing,29574.0,399.0,48.0,332.93225096479387,B
2024-01-27 06:00:00,Facebook Ads,8430.0,1425.0,73.0,113.50359742173619,D
2024-01-27 07:00:00,TikTok Ads,17676.0,569.0,72.0,432.8684473658473,C
2024-01-27 08:00:00,Facebook Ads,15816.0,1393.0,116.0,444.185783303472,D
2024-01-27 09:00:00,Facebook Ads,37733.0,187.0,173.0,106.36025662694976,C
2024-01-27 10:00:00,Google Ads,25144.0,1623.0,81.0,371.33878202763185,A
2024-01-27 11:00:00,Google Ads,7050.0,1696.0,81.0,150.39457897429025,C
2024-01-27 12:00:00,Facebook Ads,49460.0,1041.0,113.0,403.29375305293553,A
2024-01-27 13:00:00,Email Marketing,38933.0,417.0,96.0,498.64657095276533,D
2024-01-27 14:00:00,Google Ads,29951.0,1293.0,72.0,24.71274261140248,C
2024-01-27 15:00:00,TikTok Ads,37413.0,1410.0,147.0,449.70927423755666,D
2024-01-27 16:00:00,Google Ads,39801.0,1296.0,63.0,315.08896146334246,A
2024-01-27 17:00:00,Google Ads,37913.0,1721.0,38.0,486.9574833907624,C
2024-01-27 18:00:00,TikTok Ads,45600.0,1841.0,67.0,237.85466358794952,D
2024-01-27 19:00:00,Facebook Ads,30280.0,409.0,187.0,425.22008597997313,A
2024-01-27 20:00:00,TikTok Ads,29557.0,970.0,69.0,40.57309361315585,D
2024-01-27 21:00:00,Facebook Ads,40400.0,378.0,13.0,174.2867345383649,B
2024-01-27 22:00:00,Facebook Ads,9494.0,1011.0,175.0,42.838103498092885,A
2024-01-27 23:00:00,Facebook Ads,20152.0,512.0,189.0,487.9181354047446,A
2024-01-28 00:00:00,TikTok Ads,28895.0,995.0,31.0,410.31721456319997,A
2024-01-28 01:00:00,Facebook Ads,14155.0,1012.0,114.0,427.7482364105255,C
2024-01-28 02:00:00,Email Marketing,36883.0,1634.0,22.0,469.60296340260817,C
2024-01-28 03:00:00,TikTok Ads,48194.0,1877.0,93.0,51.70070819869483,C
2024-01-28 04:00:00,Email Marketing,48001.0,1455.0,171.0,198.94282033153334,B
2024-01-28 05:00:00,Facebook Ads,6828.0,885.0,67.0,44.80709563156104,B
2024-01-28 06:00:00,Google Ads,46898.0,1663.0,54.0,113.28861975951402,A
2024-01-28 07:00:00,Facebook Ads,37123.0,1690.0,138.0,122.38923074845945,B
2024-01-28 08:00:00,Email Marketing,42573.0,218.0,42.0,239.86253341331354,D
2024-01-28 09:00:00,Email Marketing,5806.0,266.0,64.0,141.59546205228486,A
2024-01-28 10:00:00,TikTok Ads,45970.0,427.0,126.0,59.479272340702934,A
2024-01-28 11:00:00,Google Ads,34757.0,168.0,21.0,92.07063365611278,D
2024-01-28 12:00:00,TikTok Ads,39636.0,239.0,194.0,82.16502614052456,A
2024-01-28 13:00:00,Email Marketing,19561.0,816.0,169.0,486.8076309770262,B
2024-01-28 14:00:00,Facebook Ads,29262.0,419.0,152.0,382.05332839005206,C
2024-01-28 15:00:00,Google Ads,19899.0,1851.0,35.0,484.20311798208536,D
2024-01-28 16:00:00,Facebook Ads,20934.0,198.0,184.0,225.47283838887518,B
2024-01-28 17:00:00,Facebook Ads,43197.0,1749.0,30.0,146.40055601470172,D
2024-01-28 18:00:00,Google Ads,46844.0,701.0,57.0,401.1636666325015,D
2024-01-28 19:00:00,TikTok Ads,41332.0,1932.0,47.0,169.86441984016193,A
2024-01-28 20:00:00,Facebook Ads,39157.0,1561.0,163.0,156.69785311562066,A
2024-01-28 21:00:00,Email Marketing,16593.0,819.0,19.0,123.92793618183728,B
2024-01-28 22:00:00,Facebook Ads,45042.0,423.0,114.0,73.54269932987532,D
2024-01-28 23:00:00,Google Ads,22320.0,830.0,8.0,135.66689989821532,A
2024-01-29 00:00:00,Google Ads,32376.0,1766.0,26.0,184.10667675220498,A
2024-01-29 01:00:00,Google Ads,48513.0,209.0,113.0,340.2571619914079,D
2024-01-29 02:00:00,TikTok Ads,19199.0,400.0,71.0,40.65677268753127,B
2024-01-29 03:00:00,Facebook Ads,20876.0,1985.0,30.0,113.14840043601805,B
2024-01-29 04:00:00,TikTok Ads,13245.0,1361.0,135.0,406.4215837429214,D
2024-01-29 05:00:00,TikTok Ads,12214.0,1361.0,67.0,81.99174255604767,B
2024-01-29 06:00:00,Google Ads,5726.0,941.0,65.0,177.89612179603554,A
2024-01-29 07:00:00,Google Ads,16362.0,1299.0,36.0,433.68287171048866,D
2024-01-29 08:00:00,TikTok Ads,23297.0,572.0,25.0,85.9134024602869,A
2024-01-29 09:00:00,Facebook Ads,35448.0,571.0,37.0,50.54104945291305,C
2024-01-29 10:00:00,Email Marketing,31172.0,832.0,1.0,247.42361758920532,C
2024-01-29 11:00:00,TikTok Ads,47874.0,322.0,143.0,158.18556052648285,B
2024-01-29 12:00:00,Facebook Ads,12657.0,985.0,37.0,286.07009859708853,C
2024-01-29 13:00:00,Google Ads,23850.0,1475.0,141.0,403.8643963369028,A
2024-01-29 14:00:00,Google Ads,30425.0,232.0,136.0,77.20275919484415,C
2024-01-29 15:00:00,Facebook Ads,31685.0,1738.0,133.0,294.54255143159963,A
2024-01-29 16:00:00,Email Marketing,29578.0,537.0,188.0,257.6992925910333,B
2024-01-29 17:00:00,Google Ads,33831.0,1900.0,128.0,80.59860514646779,B
2024-01-29 18:00:00,Google Ads,12906.0,895.0,127.0,315.7592579092014,A
2024-01-29 19:00:00,Google Ads,12287.0,173.0,1.0,144.0838047517781,C
2024-01-29 20:00:00,Facebook Ads,38660.0,1034.0,164.0,249.03881608656613,B
2024-01-29 21:00:00,TikTok Ads,15222.0,1699.0,35.0,50.31343889576032,D
2024-01-29 22:00:00,Google Ads,42443.0,839.0,194.0,235.1961880346753,B
2024-01-29 23:00:00,TikTok Ads,39701.0,463.0,191.0,160.16709934098196,C
2024-01-30 00:00:00,Email Marketing,22764.0,1798.0,104.0,412.96679348082364,D
2024-01-30 01:00:00,Google Ads,49641.0,1245.0,23.0,37.919576228710454,C
2024-01-30 02:00:00,Google Ads,22674.0,1361.0,9.0,215.11756470998168,A
2024-01-30 03:00:00,Email Marketing,23024.0,1508.0,34.0,234.63139782440462,D
2024-01-30 04:00:00,Google Ads,28874.0,735.0,174.0,365.2529773865682,C
2024-01-30 05:00:00,TikTok Ads,48642.0,162.0,128.0,291.4009117942034,D
2024-01-30 06:00:00,Facebook Ads,37284.0,937.0,4.0,336.93404522514874,C
2024-01-30 07:00:00,TikTok Ads,22602.0,1990.0,158.0,390.7541499693605,D
2024-01-30 08:00:00,Facebook Ads,42784.0,171.0,102.0,432.4794570925125,C
2024-01-30 09:00:00,Facebook Ads,28265.0,1617.0,75.0,163.79899339401055,A
2024-01-30 10:00:00,TikTok Ads,30931.0,1295.0,99.0,273.6311256283125,D
2024-01-30 11:00:00,TikTok Ads,33841.0,1704.0,72.0,421.65295843520795,D
2024-01-30 12:00:00,TikTok Ads,34192.0,88.0,3.0,494.83105417287766,D
2024-01-30 13:00:00,TikTok Ads,47520.0,546.0,142.0,445.8644624114439,D
2024-01-30 14:00:00,Email Marketing,20585.0,829.0,188.0,192.01895868594463,A
2024-01-30 15:00:00,Google Ads,30559.0,1306.0,173.0,105.6315934371387,D
2024-01-30 16:00:00,Facebook Ads,45059.0,992.0,34.0,249.80234332922848,B
2024-01-30 17:00:00,TikTok Ads,38742.0,1603.0,45.0,373.4043113996607,A
2024-01-30 18:00:00,TikTok Ads,9133.0,198.0,61.0,251.35884466911583,B
2024-01-30 19:00:00,TikTok Ads,19663.0,1470.0,83.0,246.75862302369757,D
2024-01-30 20:00:00,Email Marketing,26754.0,1071.0,123.0,420.7329063300823,C
2024-01-30 21:00:00,TikTok Ads,8972.0,710.0,102.0,187.08785174292132,B
2024-01-30 22:00:00,TikTok Ads,10295.0,1711.0,16.0,431.29939065770634,D
2024-01-30 23:00:00,TikTok Ads,46873.0,1977.0,66.0,209.33435246634454,B
2024-01-31 00:00:00,Google Ads,34125.0,351.0,168.0,170.83422178238632,D
2024-01-31 01:00:00,Email Marketing,45996.0,1433.0,145.0,232.45505648785252,D
2024-01-31 02:00:00,TikTok Ads,14903.0,287.0,119.0,383.5990097506855,D
2024-01-31 03:00:00,Facebook Ads,8020.0,696.0,162.0,71.74099365335721,C
2024-01-31 04:00:00,Facebook Ads,46755.0,712.0,124.0,106.24541577728851,B
2024-01-31 05:00:00,Facebook Ads,25420.0,285.0,144.0,476.2079645749151,A
2024-01-31 06:00:00,Email Marketing,26452.0,1809.0,102.0,95.99089741686511,A
2024-01-31 07:00:00,Email Marketing,43001.0,252.0,188.0,288.18638578621676,A
2024-01-31 08:00:00,Facebook Ads,14516.0,305.0,66.0,293.86408866434954,A
2024-01-31 09:00:00,TikTok Ads,7396.0,647.0,194.0,249.91598640461996,D
2024-01-31 10:00:00,Email Marketing,23546.0,711.0,13.0,325.9251718026411,B
2024-01-31 11:00:00,Facebook Ads,24129.0,284.0,184.0,122.61509564083303,B
2024-01-31 12:00:00,Facebook Ads,6591.0,1418.0,111.0,280.8045112106066,C
2024-01-31 13:00:00,TikTok Ads,16303.0,583.0,159.0,192.3648950709796,B
2024-01-31 14:00:00,Google Ads,35561.0,909.0,34.0,334.21695721830264,B
2024-01-31 15:00:00,Email Marketing,11183.0,1870.0,39.0,79.19953625284323,B
2024-01-31 16:00:00,TikTok Ads,31572.0,1854.0,195.0,289.72993425134337,C
2024-01-31 17:00:00,Facebook Ads,39080.0,1539.0,136.0,100.78247413782861,A
2024-01-31 18:00:00,Facebook Ads,25695.0,819.0,120.0,146.53510092636785,B
2024-01-31 19:00:00,TikTok Ads,12314.0,590.0,126.0,117.16780215855579,C
2024-01-31 20:00:00,Email Marketing,24623.0,262.0,55.0,99.59051213572039,C
2024-01-31 21:00:00,Google Ads,7139.0,512.0,27.0,414.59836626472685,D
2024-01-31 22:00:00,Google Ads,36290.0,485.0,118.0,149.99670815383627,C
2024-01-31 23:00:00,Facebook Ads,23088.0,332.0,53.0,464.29065311358016,A
2024-02-01 00:00:00,Email Marketing,44692.0,1635.0,39.0,485.2639974191435,B
2024-02-01 01:00:00,Google Ads,38130.0,1680.0,65.0,289.9176302691777,C
2024-02-01 02:00:00,Email Marketing,37088.0,1536.0,145.0,80.07055010620593,A
2024-02-01 03:00:00,Email Marketing,31292.0,1480.0,158.0,193.52863925599482,C
2024-02-01 04:00:00,Facebook Ads,25670.0,137.0,181.0,400.8888090406249,C
2024-02-01 05:00:00,Google Ads,8738.0,1117.0,13.0,190.02145706156452,C
2024-02-01 06:00:00,TikTok Ads,7469.0,510.0,21.0,52.638436968366484,C
2024-02-01 07:00:00,Facebook Ads,27534.0,327.0,147.0,282.8246063548121,C
2024-02-01 08:00:00,Google Ads,14017.0,1756.0,53.0,424.10921723305705,A
2024-02-01 09:00:00,Google Ads,7808.0,470.0,19.0,400.0039297003162,B
2024-02-01 10:00:00,Google Ads,17713.0,1774.0,57.0,95.81033866387308,B
2024-02-01 11:00:00,Google Ads,45329.0,1426.0,25.0,339.6546610621087,B
2024-02-01 12:00:00,Google Ads,7719.0,745.0,31.0,118.04708908346709,B
2024-02-01 13:00:00,Email Marketing,27890.0,564.0,81.0,116.92169193056439,A
2024-02-01 14:00:00,Facebook Ads,16700.0,752.0,183.0,438.29516891954074,D
2024-02-01 15:00:00,Email Marketing,41509.0,1703.0,23.0,132.33778684271277,D
2024-02-01 16:00:00,TikTok Ads,47534.0,68.0,32.0,138.99119979382547,A
2024-02-01 17:00:00,Google Ads,41766.0,72.0,190.0,10.320161473036782,A
2024-02-01 18:00:00,Facebook Ads,31705.0,462.0,74.0,436.62782672150365,C
2024-02-01 19:00:00,Google Ads,23787.0,1103.0,10.0,398.37145847247604,C
2024-02-01 20:00:00,Facebook Ads,31588.0,1880.0,54.0,317.3911781944322,C
2024-02-01 21:00:00,Email Marketing,31123.0,157.0,52.0,377.6302243300327,B
2024-02-01 22:00:00,Facebook Ads,38062.0,1440.0,148.0,84.50379803800098,C
2024-02-01 23:00:00,TikTok Ads,15177.0,1354.0,160.0,234.57856134791197,D
2024-02-02 00:00:00,TikTok Ads,26727.0,1201.0,114.0,182.09749980090263,B
2024-02-02 01:00:00,Facebook Ads,35220.0,1302.0,14.0,55.95049786593808,C
2024-02-02 02:00:00,Facebook Ads,14882.0,1184.0,178.0,248.2039377553128,B
2024-02-02 03:00:00,Facebook Ads,6136.0,185.0,156.0,461.16242866789133,D
2024-02-02 04:00:00,Facebook Ads,39832.0,411.0,110.0,29.628968334840295,C
2024-02-02 05:00:00,TikTok Ads,36966.0,1259.0,53.0,152.81584761195901,D
2024-02-02 06:00:00,Google Ads,12009.0,1729.0,152.0,111.69505874079469,D
2024-02-02 07:00:00,Facebook Ads,17987.0,1657.0,79.0,126.6918602961912,D
2024-02-02 08:00:00,Facebook Ads,42311.0,178.0,22.0,455.1329304208939,C
2024-02-02 09:00:00,TikTok Ads,36575.0,1949.0,30.0,239.35383657480216,A
2024-02-02 10:00:00,TikTok Ads,6007.0,1334.0,191.0,238.48671234051122,C
2024-02-02 11:00:00,Email Marketing,10445.0,564.0,4.0,382.68206480308834,D
2024-02-02 12:00:00,Facebook Ads,15706.0,498.0,59.0,85.70117996241365,C
2024-02-02 13:00:00,Email Marketing,49486.0,1973.0,8.0,248.76002350902488,D
2024-02-02 14:00:00,TikTok Ads,34257.0,1177.0,12.0,220.69275491931927,A
2024-02-02 15:00:00,TikTok Ads,26736.0,1556.0,119.0,302.4862383678615,B
2024-02-02 16:00:00,Google Ads,47207.0,1297.0,159.0,499.7832745927149,A
2024-02-02 17:00:00,Facebook Ads,18281.0,1905.0,34.0,387.0299581002031,A
2024-02-02 18:00:00,Email Marketing,6435.0,923.0,82.0,204.9541944785393,B
2024-02-02 19:00:00,TikTok Ads,38339.0,1939.0,98.0,415.500995614283,C
2024-02-02 20:00:00,TikTok Ads,40150.0,1564.0,127.0,93.64709802311529,B
2024-02-02 21:00:00,Email Marketing,30821.0,522.0,75.0,24.927206291390462,C
2024-02-02 22:00:00,Google Ads,31660.0,1083.0,105.0,110.1797025074938,C
2024-02-02 23:00:00,TikTok Ads,10084.0,1478.0,49.0,176.80166249598724,D
2024-02-03 00:00:00,Facebook Ads,21661.0,1969.0,79.0,260.18457115518436,D
2024-02-03 01:00:00,TikTok Ads,18507.0,351.0,185.0,311.4132788651879,B
2024-02-03 02:00:00,Facebook Ads,12059.0,280.0,93.0,456.1968014350667,A
2024-02-03 03:00:00,Email Marketing,23271.0,1804.0,154.0,259.8284646797242,B
2024-02-03 04:00:00,Facebook Ads,12491.0,972.0,18.0,255.6250658666074,C
2024-02-03 05:00:00,Email Marketing,19859.0,1139.0,96.0,34.61907481326125,D
2024-02-03 06:00:00,Facebook Ads,13073.0,986.0,38.0,27.106660801549666,B
2024-02-03 07:00:00,Email Marketing,14077.0,161.0,87.0,280.0683813390223,B
2024-02-03 08:00:00,Facebook Ads,25953.0,1086.0,88.0,224.7075204916888,D
2024-02-03 09:00:00,Google Ads,16383.0,1466.0,50.0,421.19839354034633,D
2024-02-03 10:00:00,Facebook Ads,7353.0,549.0,8.0,88.73299650880413,D
2024-02-03 11:00:00,Facebook Ads,28821.0,981.0,169.0,22.236114437354303,C
2024-02-03 12:00:00,Google Ads,42567.0,647.0,134.0,230.02899628576168,D
2024-02-03 13:00:00,TikTok Ads,29860.0,283.0,69.0,126.36449280860617,A
2024-02-03 14:00:00,TikTok Ads,26195.0,651.0,172.0,34.31104293603035,B
2024-02-03 15:00:00,Facebook Ads,16939.0,363.0,121.0,365.0531605553382,D
2024-02-03 16:00:00,Google Ads,30338.0,615.0,64.0,64.68056997905126,D
2024-02-03 17:00:00,Facebook Ads,26730.0,1085.0,157.0,308.07655500380815,C
2024-02-03 18:00:00,Email Marketing,26427.0,258.0,156.0,147.7143775817757,C
2024-02-03 19:00:00,Email Marketing,40196.0,1087.0,139.0,95.0130646739608,B
2024-02-03 20:00:00,Facebook Ads,32083.0,1706.0,121.0,196.07824623046557,A
2024-02-03 21:00:00,TikTok Ads,26510.0,1491.0,65.0,402.7084303492473,B
2024-02-03 22:00:00,TikTok Ads,49064.0,1510.0,107.0,202.12585268324062,D
2024-02-03 23:00:00,Facebook Ads,12813.0,1450.0,147.0,377.8771281134173,A
2024-02-04 00:00:00,Facebook Ads,36598.0,1093.0,137.0,71.48828543158385,A
2024-02-04 01:00:00,Email Marketing,32570.0,636.0,155.0,388.65799563588877,A
2024-02-04 02:00:00,TikTok Ads,32082.0,1985.0,162.0,126.09732920425783,A
2024-02-04 03:00:00,Facebook Ads,34241.0,1828.0,172.0,341.92263364554765,B
2024-02-04 04:00:00,Email Marketing,35678.0,1808.0,196.0,287.2329618720882,C
2024-02-04 05:00:00,TikTok Ads,49569.0,1064.0,100.0,465.28091143372677,C
2024-02-04 06:00:00,Google Ads,16745.0,1143.0,82.0,199.78803380790387,D
2024-02-04 07:00:00,Email Marketing,31029.0,1897.0,143.0,42.42094252887582,C
2024-02-04 08:00:00,TikTok Ads,18025.0,1284.0,51.0,19.386187920113922,C
2024-02-04 09:00:00,TikTok Ads,41124.0,1174.0,141.0,415.160694876649,C
2024-02-04 10:00:00,Email Marketing,19288.0,747.0,83.0,267.12046245410176,C
2024-02-04 11:00:00,Google Ads,28650.0,181.0,177.0,389.8695853991251,D
2024-02-04 12:00:00,Email Marketing,11540.0,1696.0,198.0,124.86854400564219,B
2024-02-04 13:00:00,TikTok Ads,37232.0,1454.0,112.0,179.09103530148454,A
2024-02-04 14:00:00,Facebook Ads,21422.0,1205.0,56.0,24.75089738354628,C
2024-02-04 15:00:00,Facebook Ads,8342.0,1093.0,179.0,481.131239041315,B
2024-02-04 16:00:00,Email Marketing,46846.0,1979.0,165.0,337.2552742833986,C
2024-02-04 17:00:00,TikTok Ads,40612.0,585.0,145.0,467.27049300206005,C
2024-02-04 18:00:00,Facebook Ads,15396.0,1063.0,186.0,140.09323964024543,A
2024-02-04 19:00:00,TikTok Ads,22482.0,276.0,157.0,309.6171695005738,A
2024-02-04 20:00:00,Email Marketing,28411.0,1227.0,161.0,342.4649844633925,A
2024-02-04 21:00:00,Facebook Ads,18261.0,1878.0,60.0,165.59935312621835,C
2024-02-04 22:00:00,TikTok Ads,8093.0,1815.0,120.0,425.5735251576587,C
2024-02-04 23:00:00,Facebook Ads,16722.0,1542.0,183.0,474.10911682112146,C
2024-02-05 00:00:00,Email Marketing,27042.0,871.0,138.0,443.5790076710421,A
2024-02-05 01:00:00,TikTok Ads,49413.0,920.0,175.0,372.14281821029255,D
2024-02-05 02:00:00,Facebook Ads,33087.0,454.0,23.0,145.9576930652275,B
2024-02-05 03:00:00,Email Marketing,37347.0,251.0,149.0,147.99186063175955,D
2024-02-05 04:00:00,Facebook Ads,38756.0,87.0,13.0,482.0465570185586,C
2024-02-05 05:00:00,Facebook Ads,44214.0,991.0,101.0,15.039403008489094,C
2024-02-05 06:00:00,Google Ads,21335.0,1845.0,161.0,360.8644868886508,D
2024-02-05 07:00:00,Google Ads,33602.0,237.0,24.0,356.06061965207846,C
2024-02-05 08:00:00,Email Marketing,39450.0,1130.0,108.0,315.11787506540077,B
2024-02-05 09:00:00,Google Ads,37196.0,990.0,11.0,495.15333458256424,C
2024-02-05 10:00:00,Email Marketing,10626.0,1093.0,17.0,162.82092352422535,B
2024-02-05 11:00:00,Google Ads,12424.0,322.0,196.0,176.5862132586916,D
2024-02-05 12:00:00,Facebook Ads,17857.0,1192.0,175.0,48.68030744381222,D
2024-02-05 13:00:00,Email Marketing,49923.0,632.0,25.0,226.97108690643134,C
2024-02-05 14:00:00,Email Marketing,24982.0,565.0,94.0,137.91377785507558,B
2024-02-05 15:00:00,Facebook Ads,16425.0,1294.0,21.0,178.25948406704566,C
2024-02-05 16:00:00,Email Marketing,6980.0,575.0,84.0,418.94017722525757,A
2024-02-05 17:00:00,Email Marketing,31431.0,1588.0,140.0,468.38741162847293,A
2024-02-05 18:00:00,Google Ads,24440.0,1801.0,37.0,101.00920528254096,A
2024-02-05 19:00:00,Email Marketing,46752.0,1814.0,42.0,192.52937646119827,A
2024-02-05 20:00:00,TikTok Ads,22175.0,385.0,145.0,465.0289754365431,C
2024-02-05 21:00:00,Facebook Ads,31385.0,747.0,101.0,40.28614573771909,A
2024-02-05 22:00:00,Google Ads,43158.0,1128.0,48.0,55.25665877457547,B
2024-02-05 23:00:00,Google Ads,28019.0,549.0,103.0,89.7675847110524,D
2024-02-06 00:00:00,TikTok Ads,23639.0,949.0,28.0,301.65428872216864,D
2024-02-06 01:00:00,Facebook Ads,24994.0,1961.0,41.0,83.73141279293876,A
2024-02-06 02:00:00,Facebook Ads,39375.0,815.0,99.0,484.35742691085943,A
2024-02-06 03:00:00,Google Ads,26563.0,585.0,47.0,228.89011835667498,A
2024-02-06 04:00:00,Email Marketing,44341.0,211.0,146.0,255.74380057158152,C
2024-02-06 05:00:00,Google Ads,10776.0,1743.0,105.0,130.86272174464918,D
2024-02-06 06:00:00,Facebook Ads,41444.0,643.0,124.0,240.7705236930194,A
2024-02-06 07:00:00,TikTok Ads,8380.0,1988.0,199.0,334.33767999213563,B
2024-02-06 08:00:00,Google Ads,13711.0,208.0,13.0,378.07679710748096,A
2024-02-06 09:00:00,Facebook Ads,13782.0,1261.0,141.0,379.39536052785735,D
2024-02-06 10:00:00,Google Ads,22434.0,109.0,100.0,293.1666452201033,A
2024-02-06 11:00:00,Email Marketing,25017.0,964.0,31.0,453.13628974699003,D
2024-02-06 12:00:00,Google Ads,35707.0,1890.0,130.0,410.5298451799936,A
2024-02-06 13:00:00,Google Ads,44110.0,1392.0,16.0,380.9535762023265,B
2024-02-06 14:00:00,Facebook Ads,22343.0,1951.0,137.0,37.246705623425704,A
2024-02-06 15:00:00,Facebook Ads,43827.0,260.0,73.0,13.370201487628163,B
2024-02-06 16:00:00,Facebook Ads,46652.0,455.0,166.0,114.09916582578175,B
2024-02-06 17:00:00,Google Ads,10655.0,713.0,54.0,335.1265610175916,A
2024-02-06 18:00:00,Email Marketing,49859.0,1182.0,184.0,211.48676955244744,B
2024-02-06 19:00:00,TikTok Ads,20251.0,1149.0,100.0,207.17906705666275,C
2024-02-06 20:00:00,TikTok Ads,5526.0,591.0,109.0,443.4475752325107,A
2024-02-06 21:00:00,Facebook Ads,8224.0,1387.0,87.0,448.825795584601,A
2024-02-06 22:00:00,Facebook Ads,16536.0,1047.0,173.0,455.495879386257,B
2024-02-06 23:00:00,Google Ads,33541.0,1190.0,162.0,163.8002574923634,B
2024-02-07 00:00:00,TikTok Ads,18547.0,976.0,137.0,348.6173482422383,A
2024-02-07 01:00:00,Facebook Ads,39531.0,917.0,8.0,143.1002588244411,C
2024-02-07 02:00:00,Email Marketing,13712.0,1777.0,7.0,103.3988182064804,B
2024-02-07 03:00:00,Email Marketing,43565.0,68.0,36.0,100.46990410021091,B
2024-02-07 04:00:00,Facebook Ads,14208.0,481.0,18.0,177.63273422316107,D
2024-02-07 05:00:00,Facebook Ads,10109.0,1758.0,3.0,220.67923369211263,C
2024-02-07 06:00:00,TikTok Ads,40201.0,789.0,28.0,417.16509381698353,C
2024-02-07 07:00:00,TikTok Ads,21967.0,1423.0,70.0,68.74663580162893,A
2024-02-07 08:00:00,Google Ads,34759.0,232.0,172.0,370.1136652234982,C
2024-02-07 09:00:00,TikTok Ads,25172.0,162.0,149.0,270.4129079527596,A
2024-02-07 10:00:00,Email Marketing,41935.0,1256.0,28.0,151.0932179112363,D
2024-02-07 11:00:00,Email Marketing,31589.0,530.0,54.0,251.48159642108405,C
2024-02-07 12:00:00,Facebook Ads,35015.0,1219.0,182.0,156.9716141907411,B
2024-02-07 13:00:00,TikTok Ads,34009.0,880.0,65.0,302.0801580667699,D
2024-02-07 14:00:00,Google Ads,22773.0,1701.0,100.0,222.58352219906965,A
2024-02-07 15:00:00,Email Marketing,46125.0,1186.0,21.0,90.55870924865057,D
2024-02-07 16:00:00,Email Marketing,31143.0,812.0,13.0,67.12570653229139,A
2024-02-07 17:00:00,Google Ads,11154.0,525.0,57.0,277.88088421534377,D
2024-02-07 18:00:00,Google Ads,26804.0,812.0,49.0,452.1823863101907,A
2024-02-07 19:00:00,Email Marketing,46688.0,1376.0,118.0,178.53926641326592,C
2024-02-07 20:00:00,Email Marketing,25581.0,1020.0,54.0,369.17005253908536,B
2024-02-07 21:00:00,Google Ads,35087.0,1898.0,138.0,332.7440639204858,A
2024-02-07 22:00:00,Email Marketing,37981.0,1069.0,53.0,466.4619080116457,D
2024-02-07 23:00:00,Facebook Ads,8762.0,1191.0,44.0,412.280698476579,A
2024-02-08 00:00:00,Facebook Ads,14768.0,1886.0,47.0,287.63657686367685,A
2024-02-08 01:00:00,Google Ads,48408.0,210.0,53.0,331.94494413471256,A
2024-02-08 02:00:00,TikTok Ads,44499.0,450.0,74.0,450.2093686261771,D
2024-02-08 03:00:00,Google Ads,43559.0,247.0,46.0,205.76420444759805,B
2024-02-08 04:00:00,Google Ads,13783.0,1333.0,13.0,170.1294058703109,C
2024-02-08 05:00:00,TikTok Ads,34781.0,709.0,165.0,15.297430981246206,B
2024-02-08 06:00:00,TikTok Ads,35811.0,1825.0,102.0,415.01002635381747,A
2024-02-08 07:00:00,TikTok Ads,40488.0,1120.0,24.0,402.4805431976488,D
2024-02-08 08:00:00,Facebook Ads,13905.0,448.0,2.0,61.18271386907418,B
2024-02-08 09:00:00,Email Marketing,14127.0,1783.0,81.0,292.6601167550231,A
2024-02-08 10:00:00,Facebook Ads,27431.0,1632.0,100.0,237.35103210177482,C
2024-02-08 11:00:00,Email Marketing,11368.0,127.0,142.0,68.16745679946462,C
2024-02-08 12:00:00,Facebook Ads,32424.0,173.0,138.0,490.47843125975453,C
2024-02-08 13:00:00,Email Marketing,23333.0,124.0,163.0,115.20098485704416,A
2024-02-08 14:00:00,Facebook Ads,28116.0,1944.0,153.0,42.94474824437496,D
2024-02-08 15:00:00,TikTok Ads,48201.0,186.0,131.0,301.4752159559357,B
2024-02-08 16:00:00,Google Ads,20525.0,651.0,111.0,372.044671795186,C
2024-02-08 17:00:00,Facebook Ads,28398.0,1473.0,102.0,25.897288563121613,A
2024-02-08 18:00:00,Email Marketing,37857.0,886.0,17.0,332.77164297624086,A
2024-02-08 19:00:00,TikTok Ads,15361.0,1578.0,12.0,270.8230192162127,B
2024-02-08 20:00:00,Facebook Ads,21369.0,549.0,182.0,60.599854348773725,C
2024-02-08 21:00:00,Facebook Ads,8041.0,1646.0,116.0,94.53669970371742,A
2024-02-08 22:00:00,TikTok Ads,5105.0,187.0,24.0,288.3074056848794,B
2024-02-08 23:00:00,Facebook Ads,14078.0,99.0,29.0,155.2152306215113,D
2024-02-09 00:00:00,Google Ads,30003.0,1844.0,171.0,469.77470703914486,D
2024-02-09 01:00:00,Facebook Ads,11090.0,1022.0,153.0,411.1827124471849,D
2024-02-09 02:00:00,Google Ads,43850.0,1692.0,122.0,491.94793119169486,C
2024-02-09 03:00:00,Google Ads,6925.0,1698.0,188.0,137.23871108570285,B
2024-02-09 04:00:00,TikTok Ads,23440.0,1935.0,90.0,485.16458007100874,B
2024-02-09 05:00:00,Facebook Ads,44685.0,303.0,65.0,221.30459619786336,A
2024-02-09 06:00:00,TikTok Ads,31015.0,1703.0,84.0,180.28420970373978,A
2024-02-09 07:00:00,Facebook Ads,38320.0,759.0,119.0,34.67126821498309,A
2024-02-09 08:00:00,Facebook Ads,30291.0,1922.0,156.0,35.85497635120528,B
2024-02-09 09:00:00,Email Marketing,41679.0,1950.0,16.0,349.0855154138608,A
2024-02-09 10:00:00,Facebook Ads,31289.0,612.0,175.0,234.38520727267368,B
2024-02-09 11:00:00,TikTok Ads,8389.0,806.0,104.0,120.9955967576918,B
2024-02-09 12:00:00,Google Ads,30683.0,1988.0,92.0,310.845450099364,D
2024-02-09 13:00:00,Facebook Ads,18629.0,1499.0,186.0,133.90047794255446,A
2024-02-09 14:00:00,Email Marketing,29826.0,596.0,27.0,293.03955962876705,D
2024-02-09 15:00:00,TikTok Ads,40198.0,1375.0,181.0,186.01228602151826,C
2024-02-09 16:00:00,Facebook Ads,31630.0,971.0,170.0,413.5405910397913,C
2024-02-09 17:00:00,TikTok Ads,38226.0,630.0,187.0,412.14111877572185,C
2024-02-09 18:00:00,Email Marketing,37975.0,1422.0,175.0,243.90169507997663,B
2024-02-09 19:00:00,Email Marketing,5899.0,1905.0,162.0,181.90136357415764,B
2024-02-09 20:00:00,TikTok Ads,16653.0,98.0,165.0,187.65430031395633,B
2024-02-09 21:00:00,Facebook Ads,32961.0,966.0,134.0,404.80011757742676,A
2024-02-09 22:00:00,Google Ads,21405.0,1147.0,135.0,170.80794657082987,D
2024-02-09 23:00:00,Email Marketing,13601.0,753.0,153.0,112.43909311635456,B
2024-02-10 00:00:00,Facebook Ads,38662.0,310.0,33.0,51.49728751890034,D
2024-02-10 01:00:00,Facebook Ads,38282.0,405.0,55.0,238.67962923336012,D
2024-02-10 02:00:00,Google Ads,26288.0,1655.0,186.0,246.24472847072252,D
2024-02-10 03:00:00,Email Marketing,34545.0,1675.0,7.0,422.0452680974245,A
2024-02-10 04:00:00,Email Marketing,41877.0,1333.0,57.0,118.40696125857134,A
2024-02-10 05:00:00,Facebook Ads,20313.0,687.0,126.0,196.68572409751596,C
2024-02-10 06:00:00,Facebook Ads,20349.0,792.0,12.0,406.11881205790854,C
2024-02-10 07:00:00,Google Ads,12179.0,1368.0,16.0,413.57556926699704,D
2024-02-10 08:00:00,Google Ads,15326.0,1059.0,43.0,198.45942722959643,C
2024-02-10 09:00:00,Email Marketing,49555.0,980.0,117.0,234.97077141047365,D
2024-02-10 10:00:00,TikTok Ads,6560.0,690.0,135.0,158.61008651614864,A
2024-02-10 11:00:00,Email Marketing,18612.0,841.0,111.0,466.9518904254629,A
2024-02-10 12:00:00,Facebook Ads,22650.0,1386.0,51.0,68.13544521337435,A
2024-02-10 13:00:00,Email Marketing,31745.0,661.0,160.0,467.5372172707203,B
2024-02-10 14:00:00,TikTok Ads,36890.0,1911.0,75.0,345.0945613993182,D
2024-02-10 15:00:00,Google Ads,25022.0,858.0,8.0,270.4703548164983,A
2024-02-10 16:00:00,TikTok Ads,9780.0,1255.0,45.0,26.00293978440298,D
2024-02-10 17:00:00,TikTok Ads,23311.0,735.0,59.0,243.04213399278407,C
2024-02-10 18:00:00,TikTok Ads,33380.0,1901.0,132.0,209.79657145133882,C
2024-02-10 19:00:00,Google Ads,49662.0,1437.0,104.0,88.99721786781005,A
2024-02-10 20:00:00,TikTok Ads,7356.0,237.0,195.0,331.6407057153219,D
2024-02-10 21:00:00,TikTok Ads,9790.0,1642.0,157.0,485.86394461046007,A
2024-02-10 22:00:00,TikTok Ads,31911.0,1616.0,157.0,285.4725174216173,C
2024-02-10 23:00:00,Facebook Ads,29363.0,1669.0,98.0,360.2291054575335,A
2024-02-11 00:00:00,TikTok Ads,25049.0,1737.0,156.0,43.54072175734822,D
2024-02-11 01:00:00,Google Ads,15181.0,1034.0,79.0,214.65682795032743,C
2024-02-11 02:00:00,TikTok Ads,44825.0,597.0,124.0,67.01565773060298,B
2024-02-11 03:00:00,TikTok Ads,21082.0,774.0,172.0,310.2699594128901,C
2024-02-11 04:00:00,Google Ads,5661.0,975.0,4.0,469.85625752493576,B
2024-02-11 05:00:00,TikTok Ads,42412.0,1481.0,90.0,334.2710889111029,A
2024-02-11 06:00:00,Google Ads,7920.0,925.0,104.0,47.63349367406655,A
2024-02-11 07:00:00,TikTok Ads,30658.0,667.0,137.0,183.78644044269058,D
2024-02-11 08:00:00,Google Ads,19025.0,463.0,119.0,279.8250559260172,B
2024-02-11 09:00:00,TikTok Ads,13946.0,1415.0,133.0,207.5718005052936,A
2024-02-11 10:00:00,TikTok Ads,33706.0,1293.0,56.0,418.48556513283444,B
2024-02-11 11:00:00,Facebook Ads,44004.0,952.0,96.0,409.1887923078947,A
2024-02-11 12:00:00,Facebook Ads,21309.0,212.0,178.0,309.7971998505785,C
2024-02-11 13:00:00,TikTok Ads,38120.0,1293.0,75.0,192.99439311502556,A
2024-02-11 14:00:00,TikTok Ads,35027.0,319.0,143.0,135.1148231439896,D
2024-02-11 15:00:00,Email Marketing,12005.0,681.0,32.0,61.87841592443336,C
2024-02-11 16:00:00,Google Ads,5956.0,955.0,28.0,183.89986490841147,D
2024-02-11 17:00:00,Email Marketing,39839.0,1921.0,22.0,212.45453343178258,C
2024-02-11 18:00:00,Facebook Ads,13595.0,1473.0,17.0,341.1532333009961,B
2024-02-11 19:00:00,Facebook Ads,17803.0,1255.0,59.0,332.498313905811,D
2024-02-11 20:00:00,Facebook Ads,30963.0,1691.0,90.0,44.35298842421591,A
2024-02-11 21:00:00,Facebook Ads,41221.0,1802.0,199.0,203.67706456126731,B
2024-02-11 22:00:00,TikTok Ads,44443.0,254.0,106.0,99.07164493650734,A
2024-02-11 23:00:00,Facebook Ads,38723.0,631.0,185.0,86.83822560523478,C
2024-02-12 00:00:00,TikTok Ads,44063.0,1629.0,26.0,415.3780533712505,C
2024-02-12 01:00:00,TikTok Ads,20282.0,890.0,25.0,30.53845619096619,A
2024-02-12 02:00:00,Facebook Ads,9703.0,1886.0,138.0,215.39960919203946,A
2024-02-12 03:00:00,Facebook Ads,11563.0,1301.0,45.0,92.41979132559392,B
2024-02-12 04:00:00,Google Ads,30849.0,1769.0,83.0,440.87180568245225,A
2024-02-12 05:00:00,Email Marketing,36860.0,1692.0,11.0,282.9498515047672,D
2024-02-12 06:00:00,Facebook Ads,36585.0,645.0,181.0,123.37651182465554,D
2024-02-12 07:00:00,Google Ads,27015.0,1923.0,104.0,256.1893707115245,A
2024-02-12 08:00:00,Google Ads,17003.0,299.0,68.0,368.42831625452675,D
2024-02-12 09:00:00,Email Marketing,48585.0,924.0,95.0,479.47782437052257,A
2024-02-12 10:00:00,TikTok Ads,31958.0,1514.0,156.0,118.01854208025527,B
2024-02-12 11:00:00,Facebook Ads,31017.0,1606.0,65.0,444.2290683433791,D
2024-02-12 12:00:00,Email Marketing,16171.0,245.0,49.0,467.80901594207023,D
2024-02-12 13:00:00,Facebook Ads,17201.0,739.0,175.0,459.04606682071244,A
2024-02-12 14:00:00,Google Ads,34426.0,1592.0,52.0,321.35303486233585,D
2024-02-12 15:00:00,Google Ads,22778.0,1143.0,102.0,318.61212067300676,C
2024-02-12 16:00:00,TikTok Ads,47229.0,688.0,182.0,207.57321026007315,B
2024-02-12 17:00:00,Google Ads,26116.0,1472.0,188.0,378.67496232885605,B
2024-02-12 18:00:00,Google Ads,38297.0,721.0,57.0,270.33406899195666,D
2024-02-12 19:00:00,Email Marketing,24342.0,1833.0,47.0,341.9446549018643,D
2024-02-12 20:00:00,Facebook Ads,32490.0,1276.0,159.0,219.94437288590976,C
2024-02-12 21:00:00,Facebook Ads,24975.0,1221.0,174.0,368.43326738113814,C
2024-02-12 22:00:00,Email Marketing,31723.0,1545.0,26.0,413.99104362622904,D
2024-02-12 23:00:00,TikTok Ads,28279.0,1728.0,114.0,81.7537657353799,D
2024-02-13 00:00:00,Facebook Ads,17765.0,993.0,5.0,418.13556063137173,C
2024-02-13 01:00:00,Google Ads,16561.0,248.0,84.0,274.74530057725053,A
2024-02-13 02:00:00,Facebook Ads,46899.0,1990.0,52.0,423.8862954542099,C
2024-02-13 03:00:00,Google Ads,5525.0,1499.0,105.0,221.33783610709716,A
2024-02-13 04:00:00,TikTok Ads,27861.0,1739.0,54.0,195.72983783768717,B
2024-02-13 05:00:00,Email Marketing,38142.0,541.0,161.0,458.379758933439,B
2024-02-13 06:00:00,Facebook Ads,31916.0,1961.0,178.0,133.07294109871663,C
2024-02-13 07:00:00,Email Marketing,49965.0,945.0,166.0,423.6640393902101,A
2024-02-13 08:00:00,Facebook Ads,9648.0,191.0,155.0,247.17008052960801,C
2024-02-13 09:00:00,Google Ads,40133.0,1386.0,15.0,261.90676685011726,C
2024-02-13 10:00:00,Email Marketing,35523.0,214.0,61.0,161.14945792984716,A
2024-02-13 11:00:00,Facebook Ads,34052.0,363.0,122.0,290.7906783033177,C
2024-02-13 12:00:00,Google Ads,39414.0,70.0,21.0,169.35348617534353,B
2024-02-13 13:00:00,Email Marketing,37781.0,1155.0,46.0,29.242012978409633,D
2024-02-13 14:00:00,Email Marketing,9599.0,1654.0,197.0,143.27931661873447,D
2024-02-13 15:00:00,Facebook Ads,40046.0,1204.0,134.0,13.125731269229433,C
2024-02-13 16:00:00,Facebook Ads,40923.0,1672.0,38.0,489.39384565785974,A
2024-02-13 17:00:00,Facebook Ads,46089.0,1803.0,62.0,483.2161328116763,A
2024-02-13 18:00:00,Google Ads,8814.0,1033.0,86.0,203.62609576142947,B
2024-02-13 19:00:00,Facebook Ads,40984.0,354.0,190.0,366.90171862642654,A
2024-02-13 20:00:00,Email Marketing,31616.0,1988.0,78.0,179.44498822110825,A
2024-02-13 21:00:00,Email Marketing,7113.0,420.0,46.0,338.83564697212825,B
2024-02-13 22:00:00,Facebook Ads,48006.0,1930.0,141.0,404.66072109252974,C
2024-02-13 23:00:00,Facebook Ads,18760.0,902.0,3.0,473.91055989919795,D
2024-02-14 00:00:00,TikTok Ads,26927.0,433.0,6.0,206.10401516633928,B
2024-02-14 01:00:00,Email Marketing,25939.0,1981.0,93.0,393.81601164846336,C
2024-02-14 02:00:00,Google Ads,37419.0,494.0,8.0,140.3049408097382,B
2024-02-14 03:00:00,TikTok Ads,17588.0,474.0,172.0,495.2628288588877,C
2024-02-14 04:00:00,Facebook Ads,41142.0,210.0,108.0,22.62710339453206,B
2024-02-14 05:00:00,Facebook Ads,44198.0,1251.0,161.0,305.7291151855493,C
2024-02-14 06:00:00,Email Marketing,49738.0,678.0,75.0,333.1579310091503,B
2024-02-14 07:00:00,Facebook Ads,38397.0,1781.0,77.0,347.14232296632315,C
2024-02-14 08:00:00,Google Ads,21653.0,944.0,50.0,68.98991360665362,B
2024-02-14 09:00:00,Email Marketing,15831.0,539.0,11.0,469.8795939018339,D
2024-02-14 10:00:00,Facebook Ads,10724.0,1066.0,95.0,98.77980673454057,D
2024-02-14 11:00:00,Email Marketing,16083.0,376.0,156.0,315.14916758752213,A
2024-02-14 12:00:00,Facebook Ads,24816.0,647.0,70.0,119.11127877031163,C
2024-02-14 13:00:00,Facebook Ads,47240.0,1064.0,169.0,160.53604434042273,B
2024-02-14 14:00:00,Facebook Ads,11276.0,338.0,16.0,277.76468544678096,C
2024-02-14 15:00:00,Google Ads,43663.0,642.0,68.0,214.42477509664246,D
2024-02-14 16:00:00,Google Ads,18994.0,1737.0,99.0,88.51054447848809,C
2024-02-14 17:00:00,Email Marketing,28499.0,1646.0,48.0,93.75883718621566,B
2024-02-14 18:00:00,Facebook Ads,28040.0,622.0,184.0,214.89094619977183,C
2024-02-14 19:00:00,Facebook Ads,48320.0,1427.0,64.0,381.06865935499536,B
2024-02-14 20:00:00,Google Ads,21959.0,77.0,187.0,450.0026769554164,D
2024-02-14 21:00:00,Facebook Ads,11099.0,1003.0,90.0,51.22255450709759,D
2024-02-14 22:00:00,Google Ads,47267.0,92.0,190.0,202.62091470410653,D
2024-02-14 23:00:00,Facebook Ads,24576.0,1754.0,76.0,59.12032622420955,A
2024-02-15 00:00:00,Email Marketing,40946.0,472.0,139.0,18.130315509972963,D
2024-02-15 01:00:00,Facebook Ads,11116.0,1671.0,101.0,334.2421544955387,C
2024-02-15 02:00:00,Facebook Ads,20563.0,226.0,89.0,305.200226563628,A
2024-02-15 03:00:00,TikTok Ads,31788.0,578.0,18.0,89.87936576929424,D
2024-02-15 04:00:00,Google Ads,31928.0,1683.0,19.0,124.56828821560141,C
2024-02-15 05:00:00,Facebook Ads,41336.0,1015.0,55.0,21.616799285814007,C
2024-02-15 06:00:00,Facebook Ads,14847.0,1567.0,102.0,419.1241307902578,C
2024-02-15 07:00:00,TikTok Ads,31155.0,247.0,118.0,487.59839206379024,B
2024-02-15 08:00:00,TikTok Ads,19135.0,659.0,154.0,76.3751730293985,A
2024-02-15 09:00:00,Google Ads,22774.0,1650.0,134.0,123.42285474499607,C
2024-02-15 10:00:00,TikTok Ads,6742.0,891.0,4.0,435.5206667339977,B
2024-02-15 11:00:00,Email Marketing,23309.0,902.0,108.0,463.96726099853055,D
2024-02-15 12:00:00,TikTok Ads,5619.0,1590.0,115.0,215.61741757533707,C
2024-02-15 13:00:00,Email Marketing,22658.0,1587.0,29.0,34.80501141184632,B
2024-02-15 14:00:00,Google Ads,39707.0,71.0,59.0,29.301998509481507,C
2024-02-15 15:00:00,Google Ads,25337.0,1185.0,125.0,291.2354343738151,A
2024-02-15 16:00:00,Google Ads,21001.0,1130.0,98.0,202.51860335765772,A
2024-02-15 17:00:00,Google Ads,5968.0,1139.0,17.0,24.03968951305071,D
2024-02-15 18:00:00,Google Ads,30892.0,891.0,107.0,295.7936722331528,C
2024-02-15 19:00:00,Email Marketing,30619.0,147.0,43.0,15.538242928621012,B
2024-02-15 20:00:00,Email Marketing,5281.0,1217.0,80.0,395.81225949314376,D
2024-02-15 21:00:00,Google Ads,32420.0,1953.0,194.0,160.15208312465208,C
2024-02-15 22:00:00,TikTok Ads,20360.0,484.0,162.0,29.72642147452373,D
2024-02-15 23:00:00,Facebook Ads,44030.0,686.0,8.0,298.2925882817451,B
2024-02-16 00:00:00,Google Ads,6058.0,1752.0,141.0,204.8653630721968,D
2024-02-16 01:00:00,TikTok Ads,25677.0,1159.0,106.0,487.16220254500325,D
2024-02-16 02:00:00,Facebook Ads,15724.0,637.0,8.0,276.65734462681405,D
2024-02-16 03:00:00,Google Ads,33404.0,393.0,96.0,144.86719870813405,C
2024-02-16 04:00:00,Google Ads,42946.0,1367.0,94.0,357.62504367064764,B
2024-02-16 05:00:00,Email Marketing,44748.0,620.0,65.0,143.03108124592856,A
2024-02-16 06:00:00,Facebook Ads,34856.0,1723.0,171.0,453.0792127897069,C
2024-02-16 07:00:00,Facebook Ads,14200.0,660.0,39.0,193.61376554861445,A
2024-02-16 08:00:00,TikTok Ads,38997.0,1777.0,81.0,279.43559576034056,A
2024-02-16 09:00:00,Email Marketing,30611.0,292.0,187.0,34.780820873872145,C
2024-02-16 10:00:00,Email Marketing,46235.0,1904.0,84.0,218.7994065965931,C
2024-02-16 11:00:00,Email Marketing,40057.0,610.0,88.0,417.8581344338875,B
2024-02-16 12:00:00,Email Marketing,6239.0,1009.0,86.0,404.76791462803754,B
2024-02-16 13:00:00,Facebook Ads,43138.0,81.0,93.0,119.91609383822787,D
2024-02-16 14:00:00,Facebook Ads,5125.0,440.0,86.0,120.77874479517571,A
2024-02-16 15:00:00,Google Ads,28857.0,326.0,44.0,410.479602984486,B
2024-02-16 16:00:00,Google Ads,20398.0,581.0,137.0,465.8952258829695,D
2024-02-16 17:00:00,Email Marketing,11638.0,1227.0,165.0,56.72685142377174,B
2024-02-16 18:00:00,Email Marketing,11570.0,432.0,74.0,230.52873331885039,C
2024-02-16 19:00:00,Email Marketing,8249.0,1141.0,36.0,175.3525966924722,B
2024-02-16 20:00:00,Google Ads,14110.0,1951.0,101.0,436.63734317414526,A
2024-02-16 21:00:00,TikTok Ads,45363.0,933.0,156.0,50.9272081932092,B
2024-02-16 22:00:00,TikTok Ads,18605.0,263.0,170.0,113.45171185343833,A
2024-02-16 23:00:00,Google Ads,17115.0,1728.0,171.0,378.7094854173822,C
2024-02-17 00:00:00,Google Ads,44062.0,425.0,170.0,35.13398600079564,A
2024-02-17 01:00:00,Google Ads,27911.0,793.0,104.0,251.34233655000173,B
2024-02-17 02:00:00,Google Ads,43525.0,262.0,66.0,226.6324469930628,D
2024-02-17 03:00:00,Google Ads,37556.0,128.0,55.0,173.85657770448685,C
2024-02-17 04:00:00,Google Ads,17595.0,1799.0,176.0,203.34043450627266,B
2024-02-17 05:00:00,Email Marketing,6969.0,677.0,91.0,269.6708875958141,C
2024-02-17 06:00:00,Email Marketing,48753.0,653.0,22.0,89.07000561030773,C
2024-02-17 07:00:00,Email Marketing,22275.0,831.0,101.0,290.27798035896046,B
2024-02-17 08:00:00,Email Marketing,9470.0,1996.0,155.0,404.6618413569933,B
2024-02-17 09:00:00,Google Ads,15225.0,1454.0,121.0,382.4788555971779,D
2024-02-17 10:00:00,TikTok Ads,47324.0,1050.0,93.0,85.4109532999491,C
2024-02-17 11:00:00,Facebook Ads,46974.0,729.0,195.0,83.13224017332222,C
2024-02-17 12:00:00,Google Ads,47759.0,107.0,108.0,141.40544019500751,B
2024-02-17 13:00:00,Facebook Ads,28196.0,1869.0,141.0,186.92661590710824,A
2024-02-17 14:00:00,TikTok Ads,45287.0,1099.0,173.0,210.14323489015646,B
2024-02-17 15:00:00,Email Marketing,18669.0,930.0,10.0,343.0516362483392,C
2024-02-17 16:00:00,TikTok Ads,42380.0,496.0,9.0,37.77341176125935,B
2024-02-17 17:00:00,Google Ads,43006.0,115.0,182.0,26.98962507077253,D
2024-02-17 18:00:00,Email Marketing,20577.0,1994.0,155.0,202.03617584251543,A
2024-02-17 19:00:00,Google Ads,27473.0,1833.0,34.0,351.6102091476104,B
2024-02-17 20:00:00,Email Marketing,33625.0,1327.0,129.0,104.78331804867646,D
2024-02-17 21:00:00,Facebook Ads,20504.0,1972.0,160.0,324.33719581556335,C
2024-02-17 22:00:00,Facebook Ads,29089.0,1117.0,89.0,137.31578759074674,B
2024-02-17 23:00:00,Facebook Ads,41487.0,1170.0,93.0,444.18219331862304,C
2024-02-18 00:00:00,TikTok Ads,5302.0,1627.0,71.0,448.8880726906421,D
2024-02-18 01:00:00,Google Ads,36463.0,1061.0,67.0,155.67073009784997,C
2024-02-18 02:00:00,TikTok Ads,49912.0,276.0,148.0,122.69693944198785,D
2024-02-18 03:00:00,Facebook Ads,34259.0,823.0,117.0,211.5389463124533,D
2024-02-18 04:00:00,Google Ads,47823.0,728.0,94.0,127.86047673827288,D
2024-02-18 05:00:00,Facebook Ads,42208.0,1509.0,163.0,339.4680832129348,B
2024-02-18 06:00:00,TikTok Ads,35659.0,1864.0,99.0,414.7716954286599,C
2024-02-18 07:00:00,TikTok Ads,40840.0,650.0,113.0,339.8151441464963,C
2024-02-18 08:00:00,TikTok Ads,36890.0,428.0,103.0,413.93171915218124,A
2024-02-18 09:00:00,Facebook Ads,18598.0,1251.0,91.0,204.52615948166232,A
2024-02-18 10:00:00,Google Ads,24508.0,1500.0,90.0,86.59531564734182,A
2024-02-18 11:00:00,Google Ads,47287.0,1988.0,17.0,371.59596422482014,A
2024-02-18 12:00:00,Facebook Ads,18380.0,758.0,18.0,186.6325075193614,C
2024-02-18 13:00:00,Google Ads,31984.0,356.0,173.0,338.92270436227494,D
2024-02-18 14:00:00,Facebook Ads,49633.0,828.0,116.0,142.6155315710652,D
2024-02-18 15:00:00,Google Ads,13125.0,553.0,93.0,49.80252105526961,B
2024-02-18 16:00:00,Email Marketing,41059.0,317.0,181.0,496.365079789004,D
2024-02-18 17:00:00,Email Marketing,9033.0,1659.0,91.0,86.53873888599365,C
2024-02-18 18:00:00,TikTok Ads,42873.0,57.0,82.0,494.3262870421057,C
2024-02-18 19:00:00,Email Marketing,22087.0,1993.0,68.0,488.86716695755916,C
2024-02-18 20:00:00,Email Marketing,45901.0,557.0,193.0,398.97087091493944,B
2024-02-18 21:00:00,Email Marketing,10704.0,525.0,114.0,333.11725142017883,A
2024-02-18 22:00:00,Facebook Ads,12848.0,1370.0,1.0,293.1254546230315,D
2024-02-18 23:00:00,Email Marketing,26592.0,213.0,58.0,434.389757235139,C
2024-02-19 00:00:00,Email Marketing,11924.0,534.0,154.0,151.8253655935491,C
2024-02-19 01:00:00,TikTok Ads,32208.0,1670.0,109.0,239.16379411758976,A
2024-02-19 02:00:00,Email Marketing,24614.0,1145.0,148.0,313.50108498958593,C
2024-02-19 03:00:00,Email Marketing,5488.0,616.0,116.0,211.48333317605062,D
2024-02-19 04:00:00,Google Ads,44882.0,954.0,87.0,219.4683625042313,B
2024-02-19 05:00:00,TikTok Ads,30923.0,608.0,10.0,171.83948707602136,C
2024-02-19 06:00:00,TikTok Ads,40941.0,1984.0,59.0,286.47359017542266,D
2024-02-19 07:00:00,TikTok Ads,34165.0,287.0,41.0,426.7815187274068,C
2024-02-19 08:00:00,TikTok Ads,6667.0,1177.0,105.0,108.74890522309329,A
2024-02-19 09:00:00,TikTok Ads,31213.0,1283.0,133.0,467.87218898918627,C
2024-02-19 10:00:00,TikTok Ads,9114.0,603.0,122.0,347.65295033663256,C
2024-02-19 11:00:00,Facebook Ads,41321.0,877.0,193.0,413.4038742132148,B
2024-02-19 12:00:00,Email Marketing,12761.0,517.0,145.0,282.5334393887057,A
2024-02-19 13:00:00,TikTok Ads,36116.0,1527.0,22.0,391.9631836977911,A
2024-02-19 14:00:00,Email Marketing,38768.0,1341.0,98.0,17.938194696338932,B
2024-02-19 15:00:00,Email Marketing,30426.0,435.0,169.0,411.00640814197226,C
2024-02-19 16:00:00,Facebook Ads,22772.0,824.0,68.0,29.668040951829592,D
2024-02-19 17:00:00,TikTok Ads,43218.0,897.0,197.0,446.05755441780263,A
2024-02-19 18:00:00,Google Ads,8712.0,436.0,139.0,496.0617461469352,A
2024-02-19 19:00:00,Facebook Ads,,926.0,56.0,154.09305646662114,C
2024-02-19 20:00:00,Google Ads,,308.0,9999.0,113.0560925800389,C
2024-02-19 21:00:00,Email Marketing,,-10.0,-5.0,385.0280482904399,A
2024-02-19 22:00:00,Email Marketing,,-20.0,,,C
2024-02-19 23:00:00,Facebook Ads,,,,-100.0,D
